lemma,1820,1830,1840,1850,1860,1870,1880,1890,1900,1910,1920,1930,1940,1950,1960,1970,1980,1990,2000,sum,wpm
[WORLD],0.0,3.0,4.0,12.0,2.0,6.0,6.0,6.0,3.0,11.0,14.0,13.0,17.0,9.0,17.0,7.0,20.0,19.0,16.0,185.0,1.6228070175438596
[PROBLEM],0.0,0.0,0.0,0.0,0.0,0.0,1.0,0.0,0.0,4.0,4.0,9.0,17.0,22.0,25.0,21.0,25.0,24.0,28.0,180.0,1.5789473684210527
[MAN],6.0,5.0,14.0,21.0,9.0,14.0,6.0,7.0,21.0,5.0,3.0,15.0,12.0,10.0,4.0,16.0,2.0,6.0,3.0,179.0,1.5701754385964912
[DEMAND],6.0,7.0,2.0,8.0,6.0,7.0,11.0,7.0,8.0,9.0,10.0,12.0,16.0,8.0,3.0,6.0,11.0,7.0,8.0,152.0,1.3333333333333333
[THING],13.0,4.0,10.0,14.0,8.0,7.0,7.0,6.0,3.0,8.0,3.0,9.0,3.0,5.0,3.0,5.0,3.0,5.0,8.0,124.0,1.087719298245614
[STATE],2.0,2.0,14.0,7.0,2.0,6.0,3.0,5.0,4.0,7.0,11.0,10.0,8.0,5.0,5.0,4.0,6.0,14.0,8.0,123.0,1.0789473684210527
[SYSTEM],3.0,3.0,3.0,2.0,1.0,3.0,4.0,0.0,2.0,2.0,7.0,5.0,6.0,11.0,8.0,6.0,6.0,25.0,16.0,113.0,0.9912280701754386
[IMPRESSION],0.0,2.0,5.0,4.0,4.0,3.0,6.0,6.0,10.0,16.0,6.0,5.0,8.0,7.0,9.0,6.0,3.0,6.0,7.0,113.0,0.9912280701754386
[IMAGE],0.0,0.0,3.0,5.0,2.0,2.0,0.0,3.0,2.0,3.0,1.0,6.0,3.0,11.0,6.0,11.0,8.0,16.0,17.0,99.0,0.868421052631579
[INTEREST],3.0,7.0,5.0,6.0,4.0,5.0,2.0,2.0,4.0,8.0,16.0,3.0,6.0,5.0,6.0,5.0,3.0,6.0,1.0,97.0,0.8508771929824561
[CONDITION],0.0,0.0,0.0,0.0,3.0,0.0,3.0,0.0,2.0,6.0,8.0,6.0,8.0,9.0,14.0,3.0,6.0,13.0,14.0,95.0,0.8333333333333334
[SITUATION],0.0,1.0,0.0,0.0,0.0,0.0,2.0,0.0,1.0,7.0,8.0,7.0,8.0,15.0,10.0,10.0,12.0,8.0,6.0,95.0,0.8333333333333334
[PUBLIC],3.0,4.0,6.0,3.0,3.0,1.0,7.0,4.0,5.0,8.0,1.0,7.0,3.0,7.0,5.0,5.0,9.0,8.0,6.0,95.0,0.8333333333333334
[JOB],0.0,0.0,0.0,0.0,0.0,0.0,0.0,0.0,0.0,1.0,0.0,1.0,7.0,6.0,12.0,5.0,14.0,19.0,29.0,94.0,0.8245614035087719
[POWER],7.0,6.0,7.0,7.0,3.0,4.0,2.0,2.0,4.0,4.0,4.0,4.0,8.0,4.0,2.0,2.0,7.0,6.0,8.0,91.0,0.7982456140350878
[GOVERNMENT],7.0,9.0,4.0,4.0,2.0,3.0,4.0,4.0,3.0,3.0,5.0,4.0,6.0,1.0,6.0,5.0,7.0,6.0,4.0,87.0,0.7631578947368421
[SENSATION],2.0,4.0,6.0,9.0,9.0,5.0,4.0,5.0,9.0,8.0,4.0,4.0,6.0,4.0,1.0,0.0,2.0,3.0,1.0,86.0,0.7543859649122807
[LAW],2.0,5.0,5.0,4.0,6.0,1.0,10.0,4.0,1.0,2.0,8.0,3.0,7.0,3.0,2.0,3.0,5.0,8.0,2.0,81.0,0.7105263157894737
[FORM],3.0,2.0,5.0,1.0,3.0,4.0,6.0,7.0,2.0,2.0,9.0,3.0,3.0,9.0,2.0,4.0,4.0,10.0,1.0,80.0,0.7017543859649122
[PEOPLE],1.0,3.0,3.0,0.0,3.0,0.0,5.0,6.0,2.0,3.0,4.0,6.0,3.0,2.0,2.0,3.0,13.0,9.0,10.0,78.0,0.6842105263157895
[MIND],3.0,4.0,11.0,8.0,6.0,5.0,4.0,2.0,2.0,10.0,4.0,2.0,1.0,3.0,1.0,1.0,1.0,1.0,6.0,75.0,0.6578947368421053
[ATMOSPHERE],1.0,1.0,1.0,1.0,0.0,2.0,1.0,3.0,6.0,5.0,10.0,8.0,7.0,5.0,5.0,4.0,4.0,5.0,5.0,74.0,0.6491228070175439
[ILLUSION],1.0,0.0,1.0,1.0,0.0,1.0,2.0,2.0,1.0,1.0,2.0,3.0,12.0,5.0,8.0,3.0,9.0,7.0,15.0,74.0,0.6491228070175439
[MARKET],1.0,1.0,5.0,1.0,2.0,0.0,4.0,2.0,1.0,3.0,0.0,3.0,7.0,4.0,5.0,7.0,7.0,9.0,10.0,72.0,0.631578947368421
[KIND],1.0,1.0,1.0,4.0,2.0,2.0,0.0,2.0,0.0,1.0,2.0,3.0,3.0,9.0,5.0,7.0,8.0,5.0,11.0,67.0,0.5877192982456141
[CHARACTER],3.0,2.0,2.0,2.0,2.0,3.0,2.0,3.0,7.0,5.0,2.0,6.0,3.0,3.0,4.0,3.0,3.0,8.0,3.0,66.0,0.5789473684210527
[EFFECT],0.0,0.0,0.0,3.0,0.0,0.0,1.0,0.0,2.0,3.0,1.0,6.0,5.0,4.0,6.0,6.0,5.0,14.0,9.0,65.0,0.5701754385964912
[LIFE],1.0,1.0,3.0,1.0,1.0,3.0,2.0,2.0,4.0,3.0,6.0,7.0,3.0,0.0,1.0,2.0,6.0,3.0,13.0,62.0,0.543859649122807
[VALUE],1.0,0.0,3.0,15.0,0.0,2.0,0.0,0.0,1.0,5.0,1.0,3.0,6.0,6.0,3.0,0.0,3.0,3.0,10.0,62.0,0.543859649122807
[SENSE],1.0,0.0,3.0,2.0,1.0,0.0,2.0,0.0,0.0,5.0,2.0,1.0,6.0,2.0,3.0,6.0,5.0,11.0,11.0,61.0,0.5350877192982456
[PURPOSE],4.0,3.0,3.0,7.0,3.0,4.0,0.0,3.0,2.0,3.0,7.0,5.0,5.0,4.0,5.0,0.0,1.0,0.0,1.0,60.0,0.5263157894736842
[ENVIRONMENT],0.0,0.0,0.0,0.0,0.0,0.0,0.0,0.0,0.0,2.0,4.0,1.0,1.0,4.0,2.0,3.0,9.0,6.0,26.0,58.0,0.5087719298245614
[--],1.0,3.0,2.0,0.0,5.0,2.0,7.0,1.0,2.0,0.0,0.0,1.0,2.0,4.0,1.0,3.0,6.0,6.0,11.0,57.0,0.5
[FEEL],1.0,2.0,0.0,4.0,1.0,4.0,4.0,3.0,2.0,6.0,6.0,0.0,5.0,3.0,4.0,1.0,3.0,5.0,3.0,57.0,0.5
[WORK],1.0,2.0,0.0,1.0,1.0,2.0,2.0,1.0,1.0,2.0,2.0,1.0,6.0,7.0,1.0,5.0,6.0,12.0,4.0,57.0,0.5
[COMMUNITY],0.0,0.0,1.0,2.0,0.0,0.0,0.0,0.0,0.0,0.0,2.0,4.0,3.0,5.0,7.0,8.0,3.0,7.0,12.0,54.0,0.47368421052631576
[OPPORTUNITY],0.0,1.0,0.0,1.0,0.0,0.0,0.0,0.0,1.0,0.0,0.0,0.0,6.0,3.0,2.0,3.0,9.0,16.0,12.0,54.0,0.47368421052631576
[SOCIETY],2.0,1.0,1.0,1.0,0.0,2.0,2.0,0.0,1.0,1.0,2.0,5.0,2.0,5.0,6.0,5.0,8.0,3.0,6.0,53.0,0.4649122807017544
[FORCE],1.0,0.0,3.0,2.0,2.0,3.0,2.0,4.0,1.0,1.0,1.0,5.0,1.0,2.0,7.0,2.0,6.0,4.0,6.0,53.0,0.4649122807017544
[OTHER],2.0,6.0,3.0,2.0,2.0,2.0,1.0,0.0,2.0,1.0,2.0,2.0,4.0,0.0,1.0,2.0,11.0,6.0,3.0,52.0,0.45614035087719296
[WEALTH],0.0,2.0,4.0,3.0,2.0,5.0,5.0,1.0,0.0,3.0,1.0,3.0,4.0,3.0,2.0,1.0,1.0,2.0,9.0,51.0,0.4473684210526316
[ART],1.0,0.0,1.0,0.0,1.0,1.0,5.0,0.0,1.0,4.0,3.0,1.0,4.0,5.0,3.0,8.0,5.0,3.0,4.0,50.0,0.43859649122807015
[EARTH],0.0,1.0,4.0,8.0,2.0,3.0,4.0,0.0,11.0,1.0,4.0,0.0,1.0,0.0,0.0,4.0,1.0,2.0,4.0,50.0,0.43859649122807015
[ORDER],0.0,1.0,1.0,0.0,0.0,4.0,1.0,0.0,0.0,0.0,6.0,2.0,2.0,2.0,4.0,6.0,14.0,2.0,3.0,48.0,0.42105263157894735
[CLASS],0.0,3.0,2.0,3.0,3.0,2.0,2.0,3.0,1.0,2.0,0.0,7.0,1.0,2.0,2.0,1.0,5.0,7.0,0.0,46.0,0.40350877192982454
[DIFFICULTY],0.0,2.0,2.0,2.0,0.0,1.0,3.0,0.0,4.0,2.0,2.0,2.0,1.0,8.0,4.0,2.0,2.0,6.0,3.0,46.0,0.40350877192982454
[TENSION],0.0,0.0,0.0,0.0,0.0,0.0,0.0,0.0,1.0,0.0,0.0,2.0,6.0,8.0,3.0,5.0,16.0,4.0,1.0,46.0,0.40350877192982454
[PRODUCT],1.0,0.0,1.0,8.0,0.0,0.0,1.0,0.0,1.0,1.0,1.0,1.0,3.0,5.0,3.0,1.0,5.0,4.0,9.0,45.0,0.39473684210526316
[MATERIAL],1.0,0.0,2.0,1.0,5.0,2.0,3.0,0.0,2.0,1.0,4.0,0.0,4.0,2.0,3.0,6.0,3.0,3.0,2.0,44.0,0.38596491228070173
[HUMAN],0.0,2.0,2.0,3.0,0.0,2.0,0.0,0.0,1.0,1.0,2.0,1.0,2.0,3.0,1.0,1.0,7.0,4.0,12.0,44.0,0.38596491228070173
[INDUSTRY],1.0,0.0,2.0,5.0,2.0,0.0,1.0,1.0,3.0,2.0,1.0,1.0,6.0,2.0,1.0,1.0,5.0,6.0,4.0,44.0,0.38596491228070173
[EXCITEMENT],1.0,1.0,11.0,3.0,4.0,1.0,2.0,7.0,3.0,1.0,2.0,0.0,1.0,2.0,0.0,0.0,1.0,3.0,0.0,43.0,0.37719298245614036
[BEING],5.0,3.0,5.0,1.0,5.0,6.0,0.0,0.0,0.0,2.0,2.0,7.0,0.0,0.0,0.0,1.0,3.0,2.0,1.0,43.0,0.37719298245614036
[RIGHT],1.0,4.0,3.0,5.0,0.0,1.0,0.0,0.0,1.0,0.0,5.0,4.0,0.0,3.0,1.0,2.0,3.0,5.0,4.0,42.0,0.3684210526315789
[WAR],0.0,0.0,5.0,0.0,1.0,2.0,3.0,3.0,1.0,2.0,5.0,2.0,5.0,0.0,3.0,6.0,2.0,0.0,2.0,42.0,0.3684210526315789
[SCHOOL],0.0,1.0,0.0,2.0,1.0,1.0,2.0,1.0,5.0,1.0,0.0,5.0,3.0,1.0,3.0,2.0,1.0,9.0,4.0,42.0,0.3684210526315789
[DESIRE],2.0,4.0,2.0,2.0,1.0,5.0,1.0,2.0,4.0,2.0,3.0,1.0,7.0,4.0,1.0,0.0,0.0,0.0,0.0,41.0,0.35964912280701755
[GENERAL],1.0,5.0,3.0,3.0,5.0,1.0,3.0,0.0,1.0,5.0,3.0,3.0,1.0,2.0,3.0,0.0,0.0,1.0,1.0,41.0,0.35964912280701755
[BANK],3.0,12.0,8.0,3.0,0.0,0.0,1.0,0.0,0.0,1.0,1.0,3.0,0.0,0.0,3.0,0.0,2.0,3.0,1.0,41.0,0.35964912280701755
[CAPITAL],2.0,4.0,4.0,7.0,2.0,3.0,1.0,0.0,1.0,2.0,1.0,1.0,0.0,1.0,5.0,3.0,2.0,0.0,1.0,40.0,0.3508771929824561
[COUNTRY],3.0,1.0,6.0,2.0,2.0,1.0,1.0,0.0,0.0,3.0,1.0,2.0,1.0,3.0,1.0,2.0,4.0,3.0,3.0,39.0,0.34210526315789475
[PROGRAM],0.0,0.0,0.0,0.0,0.0,0.0,0.0,0.0,0.0,0.0,0.0,1.0,0.0,0.0,5.0,5.0,3.0,11.0,14.0,39.0,0.34210526315789475
[BODY],1.0,4.0,3.0,4.0,2.0,1.0,0.0,1.0,1.0,2.0,2.0,1.0,2.0,3.0,2.0,2.0,1.0,2.0,5.0,39.0,0.34210526315789475
[HEAVEN],0.0,2.0,4.0,0.0,1.0,3.0,3.0,0.0,15.0,0.0,2.0,0.0,0.0,3.0,1.0,2.0,0.0,1.0,2.0,39.0,0.34210526315789475
[SPIRIT],2.0,1.0,3.0,3.0,4.0,3.0,0.0,1.0,0.0,3.0,1.0,1.0,5.0,3.0,1.0,4.0,1.0,1.0,2.0,39.0,0.34210526315789475
[NATION],0.0,0.0,2.0,2.0,3.0,2.0,2.0,1.0,0.0,1.0,2.0,1.0,4.0,3.0,1.0,1.0,2.0,6.0,6.0,39.0,0.34210526315789475
[SPACE],0.0,1.0,0.0,0.0,0.0,0.0,0.0,0.0,0.0,0.0,0.0,0.0,0.0,6.0,3.0,3.0,4.0,6.0,15.0,38.0,0.3333333333333333
[TYPE],0.0,0.0,0.0,1.0,0.0,0.0,0.0,2.0,5.0,4.0,0.0,2.0,4.0,7.0,2.0,0.0,2.0,4.0,5.0,38.0,0.3333333333333333
[OFFICE],3.0,0.0,4.0,3.0,3.0,1.0,3.0,0.0,3.0,1.0,4.0,1.0,2.0,2.0,0.0,1.0,2.0,4.0,1.0,38.0,0.3333333333333333
[CONFUSION],3.0,2.0,2.0,1.0,3.0,1.0,2.0,1.0,0.0,0.0,0.0,1.0,3.0,3.0,2.0,4.0,2.0,4.0,4.0,38.0,0.3333333333333333
[ARMY],1.0,0.0,3.0,2.0,2.0,3.0,1.0,1.0,0.0,5.0,4.0,1.0,2.0,7.0,2.0,0.0,2.0,0.0,2.0,38.0,0.3333333333333333
[CORPORATION],5.0,9.0,3.0,0.0,1.0,2.0,2.0,1.0,3.0,4.0,1.0,2.0,1.0,0.0,1.0,0.0,0.0,1.0,1.0,37.0,0.32456140350877194
[LABOR],0.0,1.0,4.0,1.0,1.0,2.0,1.0,2.0,1.0,3.0,1.0,6.0,2.0,1.0,4.0,1.0,1.0,4.0,1.0,37.0,0.32456140350877194
[AGENCY],0.0,0.0,0.0,1.0,1.0,0.0,2.0,1.0,1.0,0.0,0.0,3.0,6.0,3.0,4.0,3.0,4.0,4.0,3.0,36.0,0.3157894736842105
[CLIMATE],0.0,0.0,0.0,1.0,1.0,0.0,0.0,1.0,1.0,0.0,0.0,0.0,1.0,6.0,2.0,7.0,4.0,6.0,6.0,36.0,0.3157894736842105
[DEPARTMENT],0.0,1.0,2.0,0.0,1.0,4.0,0.0,2.0,6.0,2.0,4.0,1.0,2.0,4.0,0.0,2.0,2.0,1.0,2.0,36.0,0.3157894736842105
[STIR],0.0,1.0,0.0,1.0,2.0,2.0,0.0,2.0,4.0,0.0,1.0,6.0,5.0,0.0,4.0,1.0,4.0,1.0,2.0,36.0,0.3157894736842105
[UNIVERSE],1.0,5.0,3.0,3.0,2.0,2.0,0.0,1.0,0.0,0.0,0.0,1.0,4.0,0.0,0.0,3.0,2.0,6.0,2.0,35.0,0.30701754385964913
[COMPANY],1.0,1.0,0.0,3.0,0.0,1.0,0.0,0.0,3.0,2.0,1.0,1.0,0.0,1.0,2.0,6.0,2.0,6.0,5.0,35.0,0.30701754385964913
[ALARM],2.0,2.0,6.0,8.0,3.0,4.0,2.0,2.0,0.0,1.0,1.0,0.0,1.0,0.0,0.0,3.0,0.0,0.0,0.0,35.0,0.30701754385964913
[PLACE],0.0,2.0,0.0,1.0,0.0,0.0,0.0,0.0,2.0,1.0,1.0,2.0,0.0,3.0,2.0,3.0,4.0,8.0,5.0,34.0,0.2982456140350877
[WAY],1.0,0.0,2.0,0.0,1.0,1.0,1.0,1.0,1.0,1.0,1.0,0.0,0.0,1.0,3.0,3.0,3.0,5.0,9.0,34.0,0.2982456140350877
[WOMAN],2.0,1.0,0.0,2.0,2.0,2.0,1.0,2.0,2.0,2.0,1.0,0.0,1.0,3.0,1.0,5.0,3.0,1.0,3.0,34.0,0.2982456140350877
[AMOUNT],0.0,1.0,3.0,12.0,0.0,0.0,0.0,0.0,0.0,3.0,0.0,6.0,0.0,2.0,2.0,0.0,2.0,2.0,0.0,33.0,0.2894736842105263
[RELATIONSHIP],0.0,0.0,0.0,0.0,0.0,0.0,1.0,0.0,1.0,0.0,0.0,2.0,2.0,3.0,4.0,1.0,11.0,5.0,3.0,33.0,0.2894736842105263
[BEAUTY],2.0,1.0,3.0,1.0,2.0,0.0,2.0,3.0,1.0,2.0,6.0,2.0,0.0,1.0,1.0,0.0,3.0,0.0,3.0,33.0,0.2894736842105263
[PARTY],3.0,0.0,5.0,3.0,1.0,4.0,1.0,1.0,2.0,0.0,2.0,2.0,1.0,2.0,2.0,0.0,1.0,2.0,1.0,33.0,0.2894736842105263
[MONOPOLY],0.0,1.0,1.0,0.0,0.0,3.0,1.0,1.0,1.0,1.0,13.0,1.0,3.0,1.0,3.0,1.0,1.0,0.0,0.0,32.0,0.2807017543859649
[NUMBER],1.0,2.0,5.0,2.0,2.0,1.0,3.0,0.0,0.0,1.0,0.0,2.0,0.0,1.0,2.0,3.0,3.0,1.0,3.0,32.0,0.2807017543859649
[NEED],1.0,0.0,0.0,0.0,2.0,0.0,3.0,0.0,1.0,1.0,0.0,2.0,6.0,3.0,4.0,1.0,3.0,2.0,3.0,32.0,0.2807017543859649
[BUSINESS],0.0,0.0,1.0,0.0,1.0,0.0,0.0,0.0,3.0,2.0,2.0,3.0,2.0,1.0,1.0,4.0,2.0,2.0,8.0,32.0,0.2807017543859649
[HOME],1.0,0.0,2.0,1.0,0.0,1.0,3.0,1.0,0.0,1.0,1.0,5.0,2.0,3.0,1.0,2.0,3.0,3.0,2.0,32.0,0.2807017543859649
[ACT],2.0,2.0,0.0,0.0,1.0,1.0,2.0,1.0,1.0,0.0,1.0,4.0,3.0,3.0,5.0,1.0,2.0,1.0,1.0,31.0,0.2719298245614035
[PATTERN],0.0,0.0,0.0,1.0,0.0,0.0,0.0,0.0,0.0,2.0,2.0,2.0,0.0,3.0,2.0,2.0,1.0,5.0,11.0,31.0,0.2719298245614035
[NATURE],0.0,2.0,1.0,6.0,0.0,4.0,0.0,1.0,3.0,1.0,1.0,2.0,3.0,0.0,0.0,6.0,0.0,0.0,1.0,31.0,0.2719298245614035
[POLICY],0.0,2.0,0.0,0.0,0.0,1.0,1.0,0.0,2.0,1.0,0.0,4.0,0.0,2.0,1.0,0.0,5.0,5.0,6.0,30.0,0.2631578947368421
[DISTURBANCE],3.0,4.0,2.0,1.0,1.0,3.0,1.0,0.0,1.0,1.0,3.0,1.0,1.0,3.0,2.0,2.0,0.0,0.0,0.0,29.0,0.2543859649122807
[SCIENCE],0.0,2.0,0.0,1.0,0.0,2.0,0.0,0.0,3.0,0.0,1.0,0.0,3.0,3.0,2.0,2.0,3.0,3.0,4.0,29.0,0.2543859649122807
[LAND],0.0,1.0,0.0,2.0,0.0,1.0,0.0,3.0,0.0,0.0,0.0,1.0,5.0,1.0,0.0,3.0,5.0,5.0,2.0,29.0,0.2543859649122807
[FAMILY],0.0,1.0,0.0,1.0,4.0,0.0,1.0,0.0,0.0,2.0,0.0,2.0,1.0,0.0,3.0,0.0,4.0,3.0,7.0,29.0,0.2543859649122807
[MOOD],0.0,0.0,0.0,0.0,0.0,0.0,0.0,0.0,0.0,0.0,3.0,3.0,0.0,1.0,2.0,6.0,3.0,7.0,3.0,28.0,0.24561403508771928
[LOVE],2.0,1.0,1.0,1.0,3.0,0.0,3.0,1.0,1.0,0.0,5.0,1.0,3.0,1.0,2.0,0.0,1.0,1.0,1.0,28.0,0.24561403508771928
[VACUUM],0.0,1.0,0.0,0.0,0.0,2.0,0.0,0.0,3.0,0.0,2.0,0.0,1.0,1.0,7.0,1.0,3.0,1.0,6.0,28.0,0.24561403508771928
[PRESSURE],0.0,1.0,0.0,0.0,1.0,0.0,0.0,0.0,2.0,1.0,0.0,1.0,3.0,2.0,2.0,5.0,2.0,6.0,2.0,28.0,0.24561403508771928
[MONEY],0.0,4.0,1.0,3.0,2.0,0.0,2.0,0.0,0.0,1.0,1.0,4.0,2.0,0.0,2.0,2.0,3.0,0.0,1.0,28.0,0.24561403508771928
[STRUCTURE],0.0,0.0,1.0,0.0,0.0,0.0,0.0,0.0,0.0,0.0,1.0,1.0,2.0,3.0,2.0,1.0,6.0,3.0,8.0,28.0,0.24561403508771928
[//],0.0,3.0,4.0,0.0,2.0,4.0,0.0,0.0,0.0,0.0,3.0,0.0,0.0,1.0,0.0,2.0,2.0,2.0,5.0,28.0,0.24561403508771928
[GOD],0.0,0.0,2.0,1.0,1.0,3.0,1.0,0.0,0.0,1.0,0.0,2.0,7.0,1.0,0.0,2.0,3.0,1.0,2.0,27.0,0.23684210526315788
[CULTURE],0.0,0.0,0.0,0.0,0.0,1.0,0.0,1.0,1.0,0.0,0.0,0.0,0.0,6.0,1.0,0.0,3.0,7.0,7.0,27.0,0.23684210526315788
[FIELD],0.0,2.0,0.0,0.0,0.0,0.0,3.0,0.0,0.0,1.0,0.0,1.0,1.0,0.0,4.0,1.0,2.0,3.0,9.0,27.0,0.23684210526315788
[CHANGE],0.0,0.0,0.0,4.0,0.0,0.0,0.0,0.0,1.0,0.0,0.0,0.0,4.0,1.0,0.0,2.0,5.0,5.0,5.0,27.0,0.23684210526315788
[COMMISSION],0.0,0.0,0.0,0.0,1.0,0.0,0.0,1.0,2.0,2.0,2.0,4.0,5.0,2.0,0.0,1.0,2.0,4.0,1.0,27.0,0.23684210526315788
[NECESSITY],1.0,6.0,5.0,7.0,1.0,0.0,0.0,1.0,0.0,1.0,3.0,0.0,2.0,0.0,0.0,0.0,0.0,0.0,0.0,27.0,0.23684210526315788
[CITY],0.0,3.0,1.0,2.0,1.0,1.0,0.0,1.0,2.0,0.0,0.0,0.0,2.0,2.0,6.0,2.0,1.0,1.0,2.0,27.0,0.23684210526315788
[CHILD],0.0,1.0,1.0,0.0,0.0,0.0,0.0,0.0,0.0,1.0,0.0,2.0,2.0,5.0,0.0,5.0,1.0,3.0,5.0,26.0,0.22807017543859648
[SERVICE],1.0,0.0,0.0,0.0,2.0,0.0,0.0,3.0,0.0,2.0,0.0,5.0,3.0,2.0,0.0,2.0,0.0,1.0,5.0,26.0,0.22807017543859648
[DESIGN],0.0,0.0,2.0,0.0,0.0,1.0,0.0,0.0,1.0,2.0,3.0,4.0,3.0,0.0,1.0,0.0,1.0,5.0,3.0,26.0,0.22807017543859648
[STYLE],0.0,0.0,0.0,1.0,0.0,1.0,0.0,0.0,2.0,1.0,0.0,2.0,4.0,2.0,2.0,1.0,3.0,3.0,4.0,26.0,0.22807017543859648
[BE],3.0,5.0,8.0,1.0,2.0,0.0,0.0,1.0,0.0,1.0,0.0,1.0,0.0,0.0,1.0,3.0,0.0,0.0,0.0,26.0,0.22807017543859648
[DIVISION],1.0,1.0,2.0,0.0,1.0,2.0,1.0,1.0,0.0,0.0,0.0,1.0,2.0,4.0,1.0,3.0,2.0,2.0,1.0,25.0,0.21929824561403508
[PICTURE],0.0,1.0,0.0,2.0,0.0,2.0,1.0,1.0,0.0,0.0,3.0,0.0,1.0,1.0,4.0,3.0,5.0,0.0,1.0,25.0,0.21929824561403508
[SORT],3.0,0.0,2.0,0.0,0.0,2.0,0.0,2.0,0.0,0.0,3.0,0.0,0.0,1.0,3.0,3.0,2.0,2.0,2.0,25.0,0.21929824561403508
[CONFLICT],0.0,0.0,0.0,0.0,0.0,0.0,1.0,0.0,0.0,0.0,2.0,1.0,6.0,4.0,1.0,3.0,5.0,1.0,1.0,25.0,0.21929824561403508
[INSTITUTION],1.0,2.0,4.0,3.0,0.0,1.0,0.0,1.0,0.0,1.0,0.0,1.0,0.0,1.0,1.0,1.0,2.0,3.0,3.0,25.0,0.21929824561403508
[MOVEMENT],1.0,0.0,1.0,1.0,1.0,0.0,0.0,1.0,0.0,1.0,2.0,1.0,1.0,1.0,1.0,1.0,4.0,3.0,5.0,25.0,0.21929824561403508
[ENERGY],0.0,0.0,0.0,1.0,0.0,1.0,0.0,0.0,0.0,0.0,0.0,3.0,3.0,1.0,0.0,2.0,3.0,6.0,5.0,25.0,0.21929824561403508
[SOUND],0.0,1.0,0.0,0.0,1.0,1.0,1.0,0.0,1.0,1.0,0.0,2.0,1.0,1.0,1.0,3.0,3.0,5.0,3.0,25.0,0.21929824561403508
[USE],1.0,2.0,1.0,0.0,3.0,2.0,0.0,1.0,0.0,0.0,1.0,2.0,3.0,1.0,1.0,0.0,1.0,3.0,3.0,25.0,0.21929824561403508
[TRADE],1.0,1.0,1.0,1.0,2.0,0.0,1.0,0.0,1.0,3.0,2.0,0.0,3.0,0.0,1.0,0.0,0.0,7.0,0.0,24.0,0.21052631578947367
[GROUP],0.0,0.0,0.0,0.0,0.0,0.0,0.0,0.0,0.0,1.0,1.0,5.0,3.0,3.0,0.0,2.0,1.0,1.0,7.0,24.0,0.21052631578947367
[GOOD],0.0,1.0,1.0,0.0,0.0,0.0,0.0,1.0,1.0,3.0,3.0,5.0,2.0,2.0,1.0,1.0,0.0,1.0,2.0,24.0,0.21052631578947367
[OBJECT],4.0,0.0,2.0,2.0,2.0,0.0,0.0,2.0,0.0,2.0,1.0,0.0,2.0,0.0,0.0,0.0,1.0,5.0,1.0,24.0,0.21052631578947367
[SCENE],1.0,0.0,1.0,1.0,2.0,2.0,1.0,1.0,0.0,1.0,2.0,0.0,0.0,2.0,0.0,1.0,3.0,2.0,4.0,24.0,0.21052631578947367
[PART],0.0,0.0,0.0,4.0,1.0,1.0,2.0,2.0,0.0,0.0,0.0,1.0,1.0,1.0,4.0,1.0,1.0,1.0,3.0,23.0,0.20175438596491227
[FEAR],0.0,2.0,1.0,2.0,1.0,0.0,0.0,0.0,0.0,2.0,0.0,0.0,1.0,6.0,1.0,0.0,2.0,2.0,3.0,23.0,0.20175438596491227
[FUTURE],0.0,1.0,0.0,1.0,1.0,2.0,0.0,0.0,0.0,1.0,0.0,0.0,4.0,1.0,0.0,3.0,0.0,3.0,6.0,23.0,0.20175438596491227
[THINK],0.0,0.0,1.0,1.0,2.0,1.0,0.0,0.0,2.0,2.0,2.0,1.0,0.0,0.0,1.0,0.0,4.0,1.0,5.0,23.0,0.20175438596491227
[SET],0.0,0.0,0.0,0.0,0.0,1.0,0.0,0.0,0.0,0.0,1.0,1.0,1.0,1.0,0.0,4.0,4.0,5.0,5.0,23.0,0.20175438596491227
[COLOR],0.0,0.0,1.0,1.0,0.0,0.0,1.0,0.0,0.0,0.0,1.0,1.0,3.0,0.0,0.0,1.0,0.0,4.0,10.0,23.0,0.20175438596491227
[LIGHT],1.0,1.0,1.0,1.0,0.0,1.0,0.0,2.0,0.0,0.0,0.0,1.0,2.0,0.0,0.0,2.0,0.0,6.0,5.0,23.0,0.20175438596491227
[WORD],1.0,0.0,0.0,0.0,1.0,2.0,0.0,0.0,1.0,0.0,2.0,1.0,1.0,1.0,0.0,4.0,5.0,1.0,3.0,23.0,0.20175438596491227
[PROCESS],0.0,0.0,0.0,0.0,1.0,0.0,0.0,0.0,1.0,0.0,2.0,1.0,4.0,0.0,2.0,1.0,1.0,7.0,3.0,23.0,0.20175438596491227
[WATER],0.0,1.0,0.0,0.0,0.0,2.0,0.0,1.0,1.0,0.0,4.0,0.0,3.0,0.0,1.0,0.0,2.0,3.0,4.0,22.0,0.19298245614035087
[PEER],2.0,5.0,2.0,0.0,0.0,8.0,1.0,0.0,1.0,0.0,0.0,0.0,0.0,1.0,0.0,2.0,0.0,0.0,0.0,22.0,0.19298245614035087
[COMMITTEE],0.0,0.0,0.0,0.0,0.0,1.0,0.0,0.0,1.0,2.0,2.0,1.0,1.0,4.0,1.0,3.0,3.0,0.0,3.0,22.0,0.19298245614035087
[OPINION],0.0,1.0,1.0,1.0,2.0,1.0,2.0,0.0,1.0,5.0,0.0,2.0,0.0,1.0,1.0,2.0,1.0,0.0,1.0,22.0,0.19298245614035087
[CHAOS],0.0,1.0,0.0,0.0,0.0,0.0,0.0,0.0,0.0,0.0,0.0,1.0,5.0,2.0,5.0,1.0,3.0,2.0,2.0,22.0,0.19298245614035087
[INDIVIDUAL],0.0,2.0,3.0,2.0,0.0,0.0,1.0,0.0,1.0,1.0,2.0,0.0,2.0,2.0,0.0,0.0,3.0,3.0,0.0,22.0,0.19298245614035087
[DIVERSION],1.0,0.0,1.0,0.0,1.0,1.0,1.0,2.0,1.0,2.0,1.0,3.0,7.0,0.0,0.0,0.0,0.0,1.0,0.0,22.0,0.19298245614035087
[SUSPICION],5.0,5.0,1.0,1.0,0.0,0.0,1.0,1.0,1.0,0.0,1.0,2.0,1.0,1.0,1.0,0.0,0.0,0.0,0.0,21.0,0.18421052631578946
[WANT],2.0,1.0,2.0,1.0,2.0,5.0,2.0,0.0,0.0,0.0,1.0,2.0,1.0,1.0,0.0,0.0,1.0,0.0,0.0,21.0,0.18421052631578946
[HAND],0.0,2.0,3.0,4.0,2.0,0.0,0.0,0.0,1.0,0.0,1.0,1.0,2.0,1.0,1.0,2.0,0.0,1.0,0.0,21.0,0.18421052631578946
[FUND],4.0,2.0,0.0,0.0,1.0,1.0,0.0,0.0,1.0,1.0,1.0,2.0,2.0,1.0,2.0,0.0,1.0,1.0,1.0,21.0,0.18421052631578946
[LIVE],0.0,0.0,0.0,0.0,1.0,0.0,0.0,1.0,1.0,1.0,0.0,3.0,1.0,2.0,2.0,0.0,1.0,1.0,7.0,21.0,0.18421052631578946
[MODEL],0.0,0.0,0.0,0.0,0.0,0.0,0.0,0.0,0.0,0.0,0.0,0.0,2.0,3.0,1.0,1.0,3.0,6.0,5.0,21.0,0.18421052631578946
[DANGER],0.0,2.0,1.0,0.0,1.0,0.0,0.0,0.0,1.0,1.0,1.0,1.0,0.0,1.0,2.0,4.0,2.0,4.0,0.0,21.0,0.18421052631578946
[IDEA],2.0,1.0,0.0,2.0,2.0,1.0,0.0,1.0,0.0,1.0,2.0,2.0,0.0,2.0,0.0,1.0,1.0,3.0,0.0,21.0,0.18421052631578946
[NETWORK],0.0,0.0,0.0,0.0,0.0,0.0,0.0,0.0,0.0,0.0,0.0,1.0,0.0,0.0,3.0,2.0,3.0,7.0,5.0,21.0,0.18421052631578946
[SENTIMENT],0.0,2.0,1.0,2.0,1.0,1.0,1.0,4.0,2.0,3.0,1.0,2.0,1.0,0.0,0.0,0.0,0.0,0.0,0.0,21.0,0.18421052631578946
[REALITY],0.0,0.0,1.0,0.0,1.0,0.0,0.0,0.0,1.0,1.0,2.0,0.0,0.0,1.0,2.0,0.0,4.0,5.0,3.0,21.0,0.18421052631578946
[SURPRISE],5.0,2.0,2.0,3.0,1.0,1.0,1.0,2.0,1.0,1.0,0.0,0.0,0.0,0.0,0.0,0.0,0.0,0.0,2.0,21.0,0.18421052631578946
[EXISTENCE],3.0,2.0,6.0,4.0,0.0,4.0,0.0,0.0,0.0,0.0,0.0,1.0,0.0,0.0,0.0,0.0,1.0,0.0,0.0,21.0,0.18421052631578946
[MUSIC],0.0,0.0,0.0,0.0,0.0,0.0,2.0,0.0,2.0,0.0,1.0,1.0,0.0,0.0,0.0,4.0,1.0,1.0,9.0,21.0,0.18421052631578946
[SUPPLY],1.0,0.0,1.0,1.0,0.0,2.0,4.0,0.0,0.0,1.0,1.0,1.0,1.0,0.0,1.0,1.0,4.0,0.0,1.0,20.0,0.17543859649122806
[CURRENCY],0.0,2.0,0.0,1.0,1.0,3.0,1.0,0.0,0.0,0.0,0.0,2.0,0.0,1.0,0.0,1.0,0.0,8.0,0.0,20.0,0.17543859649122806
[LINE],0.0,0.0,0.0,0.0,1.0,0.0,1.0,0.0,0.0,1.0,3.0,1.0,0.0,1.0,0.0,0.0,1.0,2.0,9.0,20.0,0.17543859649122806
[LITERATURE],3.0,0.0,0.0,1.0,1.0,1.0,1.0,1.0,5.0,3.0,0.0,0.0,1.0,2.0,1.0,0.0,0.0,0.0,0.0,20.0,0.17543859649122806
[ENEMY],3.0,0.0,3.0,1.0,0.0,1.0,0.0,0.0,3.0,0.0,0.0,0.0,1.0,2.0,1.0,0.0,1.0,2.0,2.0,20.0,0.17543859649122806
[UNION],3.0,1.0,1.0,0.0,0.0,0.0,0.0,0.0,2.0,1.0,3.0,0.0,0.0,2.0,1.0,0.0,1.0,4.0,1.0,20.0,0.17543859649122806
[COMPETITION],0.0,0.0,0.0,3.0,0.0,0.0,2.0,0.0,0.0,1.0,0.0,1.0,2.0,3.0,2.0,1.0,3.0,1.0,1.0,20.0,0.17543859649122806
[BARRIER],0.0,1.0,0.0,1.0,3.0,0.0,0.0,1.0,0.0,0.0,0.0,0.0,1.0,0.0,2.0,0.0,2.0,5.0,4.0,20.0,0.17543859649122806
[CONGRESS],6.0,2.0,0.0,0.0,0.0,0.0,1.0,1.0,2.0,0.0,0.0,0.0,1.0,1.0,2.0,1.0,1.0,1.0,1.0,20.0,0.17543859649122806
[BOARD],0.0,1.0,0.0,0.0,1.0,0.0,0.0,0.0,3.0,3.0,0.0,3.0,2.0,4.0,1.0,1.0,0.0,0.0,1.0,20.0,0.17543859649122806
[ACTION],0.0,2.0,2.0,0.0,0.0,0.0,0.0,1.0,2.0,0.0,4.0,0.0,1.0,1.0,1.0,1.0,2.0,1.0,2.0,20.0,0.17543859649122806
[DEBT],2.0,2.0,4.0,2.0,1.0,5.0,0.0,1.0,0.0,0.0,0.0,1.0,1.0,0.0,0.0,1.0,0.0,0.0,0.0,20.0,0.17543859649122806
[CRISIS],0.0,0.0,1.0,0.0,0.0,0.0,0.0,0.0,0.0,0.0,0.0,0.0,0.0,1.0,0.0,3.0,9.0,3.0,3.0,20.0,0.17543859649122806
[PANIC],0.0,1.0,0.0,1.0,2.0,1.0,2.0,3.0,0.0,3.0,0.0,0.0,0.0,5.0,0.0,0.0,0.0,0.0,2.0,20.0,0.17543859649122806
[SECURITY],0.0,2.0,0.0,0.0,1.0,0.0,0.0,0.0,0.0,0.0,0.0,2.0,1.0,0.0,3.0,2.0,0.0,2.0,7.0,20.0,0.17543859649122806
[ONE],0.0,1.0,1.0,1.0,0.0,0.0,1.0,0.0,0.0,0.0,1.0,2.0,1.0,3.0,3.0,2.0,2.0,1.0,0.0,19.0,0.16666666666666666
[AREA],0.0,0.0,0.0,0.0,0.0,0.0,0.0,0.0,0.0,0.0,0.0,2.0,2.0,0.0,2.0,2.0,2.0,4.0,5.0,19.0,0.16666666666666666
[COUNCIL],1.0,1.0,0.0,0.0,0.0,0.0,1.0,0.0,0.0,0.0,0.0,0.0,4.0,3.0,3.0,2.0,1.0,3.0,0.0,19.0,0.16666666666666666
[CONSTITUTION],2.0,7.0,0.0,2.0,2.0,2.0,1.0,0.0,0.0,0.0,0.0,0.0,2.0,0.0,0.0,0.0,1.0,0.0,0.0,19.0,0.16666666666666666
[SERIES],1.0,0.0,0.0,0.0,0.0,0.0,0.0,0.0,0.0,0.0,0.0,1.0,2.0,0.0,3.0,2.0,3.0,4.0,3.0,19.0,0.16666666666666666
[COMPUTER],0.0,0.0,0.0,0.0,0.0,0.0,0.0,0.0,0.0,0.0,0.0,0.0,0.0,0.0,0.0,1.0,2.0,7.0,9.0,19.0,0.16666666666666666
[CREDIT],0.0,1.0,0.0,0.0,0.0,0.0,0.0,0.0,1.0,3.0,0.0,5.0,2.0,0.0,1.0,0.0,0.0,5.0,1.0,19.0,0.16666666666666666
[MASS],0.0,0.0,1.0,0.0,1.0,0.0,0.0,0.0,0.0,0.0,0.0,2.0,0.0,3.0,3.0,4.0,0.0,4.0,1.0,19.0,0.16666666666666666
[FACT],0.0,0.0,1.0,1.0,0.0,0.0,1.0,2.0,1.0,1.0,2.0,1.0,2.0,2.0,1.0,1.0,1.0,2.0,0.0,19.0,0.16666666666666666
[STANDARD],1.0,0.0,1.0,1.0,0.0,0.0,0.0,0.0,1.0,1.0,2.0,2.0,2.0,0.0,0.0,1.0,2.0,1.0,4.0,19.0,0.16666666666666666
[PERSON],1.0,0.0,1.0,2.0,1.0,1.0,0.0,1.0,0.0,1.0,2.0,1.0,0.0,1.0,1.0,1.0,1.0,1.0,3.0,19.0,0.16666666666666666
[WILL],0.0,0.0,0.0,1.0,1.0,1.0,0.0,3.0,0.0,1.0,0.0,3.0,2.0,3.0,0.0,0.0,3.0,1.0,0.0,19.0,0.16666666666666666
[STUDENT],0.0,0.0,0.0,0.0,0.0,0.0,0.0,1.0,3.0,0.0,1.0,0.0,0.0,0.0,1.0,0.0,1.0,2.0,10.0,19.0,0.16666666666666666
[EVENT],0.0,0.0,1.0,0.0,1.0,0.0,0.0,0.0,0.0,0.0,0.0,1.0,1.0,0.0,2.0,1.0,4.0,2.0,6.0,19.0,0.16666666666666666
[EMPLOYMENT],2.0,1.0,0.0,4.0,0.0,0.0,1.0,0.0,0.0,0.0,1.0,1.0,2.0,2.0,2.0,0.0,1.0,0.0,2.0,19.0,0.16666666666666666
[HEALTH],0.0,0.0,0.0,0.0,0.0,1.0,0.0,0.0,0.0,0.0,0.0,2.0,2.0,0.0,2.0,0.0,1.0,7.0,3.0,18.0,0.15789473684210525
[AIR],0.0,0.0,0.0,0.0,1.0,0.0,1.0,0.0,0.0,1.0,1.0,4.0,1.0,0.0,2.0,2.0,1.0,2.0,2.0,18.0,0.15789473684210525
[UNIT],0.0,0.0,0.0,0.0,0.0,0.0,0.0,0.0,0.0,2.0,2.0,0.0,1.0,1.0,2.0,0.0,3.0,6.0,1.0,18.0,0.15789473684210525
[ECONOMY],0.0,1.0,0.0,0.0,0.0,0.0,0.0,0.0,0.0,0.0,1.0,1.0,1.0,0.0,4.0,0.0,1.0,6.0,3.0,18.0,0.15789473684210525
[SURFACE],0.0,0.0,0.0,0.0,0.0,1.0,0.0,1.0,0.0,0.0,0.0,1.0,1.0,1.0,1.0,0.0,0.0,6.0,6.0,18.0,0.15789473684210525
[CREATION],0.0,0.0,5.0,4.0,0.0,0.0,0.0,0.0,0.0,0.0,1.0,2.0,0.0,1.0,0.0,3.0,2.0,0.0,0.0,18.0,0.15789473684210525
[CIVILIZATION],0.0,0.0,0.0,0.0,0.0,0.0,1.0,1.0,1.0,0.0,1.0,2.0,2.0,3.0,1.0,1.0,3.0,1.0,1.0,18.0,0.15789473684210525
[CIRCUMSTANCE],0.0,2.0,0.0,1.0,0.0,0.0,1.0,0.0,0.0,1.0,1.0,1.0,0.0,1.0,2.0,1.0,2.0,4.0,0.0,17.0,0.14912280701754385
[COURT],0.0,2.0,0.0,0.0,1.0,0.0,4.0,1.0,0.0,2.0,0.0,1.0,3.0,0.0,1.0,1.0,1.0,0.0,0.0,17.0,0.14912280701754385
[REVOLUTION],0.0,0.0,1.0,1.0,0.0,0.0,1.0,0.0,0.0,0.0,3.0,0.0,1.0,2.0,2.0,1.0,1.0,4.0,0.0,17.0,0.14912280701754385
[AUTHORITY],1.0,0.0,0.0,0.0,0.0,1.0,0.0,0.0,1.0,0.0,2.0,5.0,4.0,2.0,0.0,0.0,1.0,0.0,0.0,17.0,0.14912280701754385
[DOUBT],2.0,0.0,1.0,0.0,3.0,0.0,2.0,0.0,0.0,0.0,0.0,2.0,0.0,1.0,2.0,1.0,0.0,1.0,2.0,17.0,0.14912280701754385
[METHOD],0.0,1.0,0.0,0.0,0.0,1.0,0.0,0.0,1.0,1.0,2.0,1.0,2.0,0.0,0.0,1.0,1.0,1.0,5.0,17.0,0.14912280701754385
[POINT],0.0,0.0,1.0,2.0,0.0,0.0,0.0,1.0,1.0,3.0,0.0,1.0,3.0,2.0,0.0,1.0,0.0,1.0,1.0,17.0,0.14912280701754385
[PREJUDICE],0.0,0.0,3.0,6.0,0.0,1.0,0.0,1.0,1.0,1.0,0.0,2.0,1.0,0.0,1.0,0.0,0.0,0.0,0.0,17.0,0.14912280701754385
[EMPIRE],0.0,0.0,0.0,0.0,1.0,0.0,2.0,0.0,1.0,2.0,1.0,0.0,1.0,4.0,3.0,0.0,0.0,0.0,2.0,17.0,0.14912280701754385
[MACHINE],0.0,0.0,0.0,0.0,0.0,0.0,0.0,1.0,1.0,0.0,0.0,1.0,5.0,1.0,2.0,1.0,1.0,2.0,1.0,16.0,0.14035087719298245
[MEAN],1.0,0.0,1.0,2.0,2.0,0.0,0.0,1.0,1.0,1.0,2.0,1.0,1.0,1.0,0.0,0.0,0.0,1.0,1.0,16.0,0.14035087719298245
[PRESENT],0.0,2.0,0.0,0.0,1.0,2.0,1.0,1.0,1.0,0.0,0.0,1.0,1.0,1.0,2.0,0.0,1.0,2.0,0.0,16.0,0.14035087719298245
[ELEMENT],0.0,1.0,3.0,0.0,0.0,1.0,1.0,0.0,0.0,2.0,0.0,0.0,4.0,1.0,0.0,2.0,1.0,0.0,0.0,16.0,0.14035087719298245
[SYMPATHY],0.0,2.0,1.0,0.0,0.0,0.0,0.0,1.0,0.0,2.0,0.0,0.0,1.0,2.0,1.0,3.0,2.0,0.0,1.0,16.0,0.14035087719298245
[BALANCE],0.0,0.0,1.0,0.0,1.0,0.0,0.0,0.0,0.0,1.0,0.0,1.0,1.0,0.0,0.0,0.0,2.0,5.0,4.0,16.0,0.14035087719298245
[LAKE],0.0,0.0,1.0,0.0,0.0,0.0,1.0,2.0,0.0,2.0,1.0,2.0,1.0,0.0,0.0,1.0,0.0,2.0,3.0,16.0,0.14035087719298245
[OPERATION],1.0,1.0,2.0,0.0,1.0,0.0,1.0,0.0,0.0,0.0,0.0,1.0,4.0,1.0,1.0,0.0,2.0,1.0,0.0,16.0,0.14035087719298245
[TASTE],2.0,1.0,1.0,0.0,2.0,1.0,2.0,2.0,2.0,1.0,0.0,0.0,0.0,0.0,1.0,0.0,0.0,1.0,0.0,16.0,0.14035087719298245
[RESPECT],0.0,1.0,3.0,1.0,4.0,1.0,0.0,0.0,1.0,2.0,0.0,0.0,2.0,0.0,1.0,0.0,0.0,0.0,0.0,16.0,0.14035087719298245
[INTELLIGENCE],1.0,1.0,0.0,2.0,0.0,5.0,0.0,1.0,0.0,0.0,1.0,0.0,1.0,0.0,0.0,1.0,0.0,0.0,3.0,16.0,0.14035087719298245
[SPOT],1.0,0.0,1.0,0.0,0.0,0.0,0.0,0.0,0.0,0.0,1.0,0.0,0.0,2.0,1.0,0.0,3.0,4.0,2.0,15.0,0.13157894736842105
[BELIEF],1.0,0.0,1.0,0.0,1.0,1.0,2.0,1.0,0.0,0.0,2.0,0.0,0.0,2.0,1.0,0.0,1.0,1.0,1.0,15.0,0.13157894736842105
[SOUL],3.0,1.0,0.0,0.0,3.0,3.0,2.0,0.0,1.0,0.0,1.0,0.0,0.0,0.0,0.0,0.0,0.0,0.0,1.0,15.0,0.13157894736842105
[ORGANIZATION],0.0,0.0,0.0,0.0,0.0,0.0,1.0,0.0,1.0,1.0,0.0,3.0,1.0,0.0,2.0,1.0,2.0,1.0,2.0,15.0,0.13157894736842105
[TROUBLE],1.0,0.0,0.0,1.0,0.0,0.0,0.0,2.0,0.0,0.0,2.0,1.0,2.0,1.0,0.0,4.0,0.0,1.0,0.0,15.0,0.13157894736842105
[DISCONTENT],2.0,2.0,0.0,1.0,1.0,1.0,2.0,0.0,1.0,1.0,1.0,1.0,0.0,0.0,2.0,0.0,0.0,0.0,0.0,15.0,0.13157894736842105
[MATTER],2.0,1.0,4.0,2.0,0.0,0.0,0.0,0.0,0.0,0.0,0.0,2.0,1.0,1.0,1.0,0.0,1.0,0.0,0.0,15.0,0.13157894736842105
[BOND],1.0,0.0,0.0,1.0,0.0,1.0,0.0,0.0,1.0,2.0,0.0,2.0,1.0,0.0,1.0,0.0,1.0,2.0,2.0,15.0,0.13157894736842105
[FEELING],2.0,2.0,2.0,0.0,2.0,0.0,0.0,1.0,0.0,1.0,0.0,0.0,0.0,2.0,1.0,0.0,0.0,2.0,0.0,15.0,0.13157894736842105
[OBSTACLE],4.0,0.0,3.0,0.0,0.0,0.0,0.0,0.0,0.0,1.0,3.0,0.0,0.0,0.0,0.0,1.0,0.0,1.0,2.0,15.0,0.13157894736842105
[MOMENTUM],0.0,0.0,0.0,9.0,0.0,0.0,0.0,0.0,0.0,0.0,0.0,0.0,0.0,0.0,2.0,1.0,0.0,1.0,2.0,15.0,0.13157894736842105
[ROOM],0.0,0.0,0.0,0.0,4.0,0.0,0.0,0.0,0.0,1.0,0.0,1.0,0.0,2.0,0.0,1.0,2.0,2.0,2.0,15.0,0.13157894736842105
[RELATION],0.0,2.0,1.0,0.0,2.0,1.0,0.0,0.0,1.0,1.0,0.0,1.0,2.0,4.0,0.0,0.0,0.0,0.0,0.0,15.0,0.13157894736842105
[TEAM],0.0,0.0,0.0,0.0,0.0,0.0,0.0,0.0,0.0,0.0,0.0,0.0,0.0,1.0,1.0,1.0,1.0,6.0,5.0,15.0,0.13157894736842105
[ISSUE],0.0,0.0,1.0,0.0,0.0,0.0,0.0,0.0,0.0,1.0,0.0,1.0,5.0,0.0,1.0,1.0,1.0,2.0,2.0,15.0,0.13157894736842105
[CHURCH],0.0,0.0,0.0,0.0,2.0,0.0,0.0,0.0,2.0,1.0,1.0,0.0,2.0,4.0,1.0,0.0,1.0,0.0,1.0,15.0,0.13157894736842105
[POSITION],0.0,1.0,0.0,0.0,2.0,0.0,1.0,1.0,0.0,0.0,0.0,1.0,1.0,0.0,2.0,3.0,1.0,1.0,1.0,15.0,0.13157894736842105
[LEGISLATURE],2.0,0.0,2.0,0.0,1.0,0.0,1.0,1.0,0.0,3.0,1.0,0.0,0.0,0.0,0.0,1.0,2.0,1.0,0.0,15.0,0.13157894736842105
[WAVE],0.0,0.0,0.0,0.0,0.0,0.0,0.0,0.0,0.0,0.0,0.0,0.0,2.0,1.0,1.0,0.0,1.0,6.0,4.0,15.0,0.13157894736842105
[HEART],1.0,2.0,1.0,2.0,1.0,0.0,0.0,2.0,1.0,1.0,1.0,0.0,0.0,1.0,0.0,1.0,0.0,1.0,0.0,15.0,0.13157894736842105
[UTILITY],0.0,0.0,0.0,0.0,0.0,1.0,0.0,0.0,0.0,0.0,0.0,1.0,0.0,12.0,1.0,0.0,0.0,0.0,0.0,15.0,0.13157894736842105
[CITIZEN],1.0,0.0,0.0,2.0,0.0,0.0,2.0,0.0,0.0,0.0,0.0,1.0,0.0,4.0,1.0,0.0,1.0,3.0,0.0,15.0,0.13157894736842105
[EVIL],0.0,0.0,1.0,0.0,0.0,4.0,0.0,4.0,1.0,1.0,1.0,0.0,2.0,0.0,0.0,1.0,0.0,0.0,0.0,15.0,0.13157894736842105
[LANGUAGE],0.0,2.0,0.0,0.0,1.0,0.0,1.0,0.0,2.0,0.0,0.0,1.0,2.0,1.0,0.0,1.0,2.0,1.0,1.0,15.0,0.13157894736842105
[DIFFERENCE],0.0,0.0,2.0,2.0,1.0,1.0,0.0,1.0,1.0,0.0,1.0,0.0,0.0,0.0,3.0,0.0,1.0,0.0,1.0,14.0,0.12280701754385964
[ATTITUDE],0.0,0.0,0.0,0.0,0.0,0.0,0.0,1.0,1.0,2.0,0.0,2.0,2.0,1.0,1.0,1.0,1.0,1.0,1.0,14.0,0.12280701754385964
[EXPRESSION],0.0,0.0,1.0,0.0,1.0,0.0,1.0,1.0,1.0,0.0,0.0,2.0,0.0,1.0,1.0,1.0,1.0,2.0,1.0,14.0,0.12280701754385964
[SHORTAGE],0.0,0.0,0.0,0.0,0.0,0.0,0.0,0.0,1.0,1.0,1.0,1.0,1.0,1.0,2.0,2.0,1.0,1.0,2.0,14.0,0.12280701754385964
[SOURCE],0.0,0.0,0.0,2.0,0.0,1.0,1.0,0.0,0.0,1.0,2.0,0.0,1.0,0.0,1.0,1.0,0.0,1.0,3.0,14.0,0.12280701754385964
[CENTER],0.0,0.0,0.0,0.0,0.0,0.0,1.0,0.0,1.0,0.0,1.0,1.0,1.0,1.0,1.0,0.0,0.0,3.0,4.0,14.0,0.12280701754385964
[SIDE],0.0,0.0,0.0,2.0,0.0,0.0,0.0,2.0,1.0,1.0,0.0,0.0,0.0,0.0,1.0,0.0,1.0,0.0,6.0,14.0,0.12280701754385964
[FRAMEWORK],0.0,0.0,0.0,0.0,0.0,0.0,0.0,0.0,0.0,0.0,0.0,0.0,0.0,1.0,0.0,0.0,4.0,1.0,8.0,14.0,0.12280701754385964
[FRICTION],0.0,0.0,0.0,0.0,0.0,0.0,0.0,0.0,0.0,0.0,1.0,4.0,2.0,2.0,0.0,0.0,2.0,1.0,2.0,14.0,0.12280701754385964
[SCARCITY],1.0,1.0,1.0,2.0,1.0,0.0,1.0,0.0,0.0,0.0,0.0,0.0,1.0,0.0,1.0,0.0,3.0,1.0,1.0,14.0,0.12280701754385964
[PRODUCTIVITY],0.0,0.0,0.0,0.0,0.0,0.0,0.0,0.0,0.0,0.0,0.0,0.0,0.0,12.0,1.0,0.0,0.0,1.0,0.0,14.0,0.12280701754385964
[RESEARCH],0.0,0.0,0.0,0.0,0.0,0.0,0.0,0.0,0.0,0.0,1.0,0.0,2.0,0.0,0.0,1.0,6.0,2.0,2.0,14.0,0.12280701754385964
[DUTY],1.0,2.0,3.0,0.0,0.0,0.0,3.0,0.0,1.0,1.0,0.0,2.0,1.0,0.0,0.0,0.0,0.0,0.0,0.0,14.0,0.12280701754385964
[HISTORY],1.0,0.0,0.0,1.0,1.0,0.0,2.0,0.0,1.0,1.0,0.0,2.0,0.0,1.0,0.0,3.0,0.0,1.0,0.0,14.0,0.12280701754385964
[SCANDAL],0.0,0.0,0.0,0.0,0.0,0.0,1.0,0.0,2.0,1.0,0.0,1.0,0.0,4.0,1.0,1.0,0.0,2.0,1.0,14.0,0.12280701754385964
[DEVELOPMENT],0.0,0.0,0.0,0.0,2.0,0.0,2.0,0.0,1.0,0.0,0.0,0.0,2.0,0.0,1.0,1.0,1.0,3.0,1.0,14.0,0.12280701754385964
[LEVEL],0.0,0.0,0.0,0.0,0.0,0.0,0.0,0.0,0.0,1.0,1.0,0.0,0.0,0.0,1.0,1.0,2.0,4.0,4.0,14.0,0.12280701754385964
[BOOK],1.0,0.0,0.0,0.0,0.0,0.0,0.0,0.0,0.0,1.0,1.0,0.0,0.0,1.0,2.0,0.0,0.0,5.0,3.0,14.0,0.12280701754385964
[INTELLECTUAL],2.0,0.0,0.0,1.0,0.0,0.0,1.0,2.0,0.0,1.0,1.0,0.0,1.0,0.0,1.0,1.0,0.0,2.0,1.0,14.0,0.12280701754385964
[VIEW],3.0,0.0,1.0,0.0,0.0,0.0,0.0,0.0,1.0,0.0,0.0,0.0,2.0,0.0,1.0,1.0,2.0,2.0,1.0,14.0,0.12280701754385964
[DEATH],1.0,2.0,0.0,0.0,0.0,0.0,0.0,0.0,1.0,0.0,1.0,1.0,1.0,2.0,3.0,0.0,1.0,0.0,1.0,14.0,0.12280701754385964
[ANXIETY],1.0,2.0,1.0,1.0,0.0,1.0,0.0,0.0,0.0,0.0,0.0,0.0,2.0,1.0,0.0,1.0,2.0,1.0,1.0,14.0,0.12280701754385964
[PERIOD],3.0,1.0,0.0,4.0,0.0,0.0,1.0,0.0,0.0,0.0,1.0,1.0,0.0,0.0,0.0,0.0,1.0,1.0,1.0,14.0,0.12280701754385964
[DISTINCTION],1.0,3.0,1.0,0.0,0.0,0.0,2.0,0.0,1.0,1.0,1.0,0.0,0.0,0.0,0.0,1.0,0.0,2.0,1.0,14.0,0.12280701754385964
[REASON],1.0,0.0,1.0,0.0,1.0,0.0,0.0,1.0,1.0,0.0,1.0,0.0,1.0,0.0,0.0,3.0,1.0,0.0,2.0,13.0,0.11403508771929824
[ENTHUSIASM],0.0,0.0,1.0,1.0,0.0,1.0,1.0,2.0,0.0,4.0,1.0,0.0,0.0,0.0,0.0,1.0,1.0,0.0,0.0,13.0,0.11403508771929824
[VEHICLE],0.0,0.0,0.0,0.0,0.0,0.0,0.0,0.0,0.0,0.0,0.0,0.0,0.0,0.0,0.0,0.0,1.0,12.0,0.0,13.0,0.11403508771929824
[FACILITY],0.0,2.0,0.0,2.0,1.0,0.0,0.0,0.0,0.0,0.0,2.0,0.0,1.0,0.0,0.0,0.0,1.0,0.0,4.0,13.0,0.11403508771929824
[SHOW],0.0,0.0,0.0,0.0,0.0,0.0,1.0,0.0,0.0,0.0,0.0,0.0,1.0,0.0,0.0,3.0,4.0,1.0,3.0,13.0,0.11403508771929824
[DISTRUST],0.0,0.0,2.0,0.0,3.0,1.0,1.0,0.0,1.0,0.0,1.0,1.0,1.0,1.0,0.0,1.0,0.0,0.0,0.0,13.0,0.11403508771929824
[EXECUTIVE],1.0,1.0,2.0,0.0,0.0,0.0,0.0,0.0,0.0,0.0,3.0,0.0,1.0,1.0,0.0,2.0,0.0,1.0,1.0,13.0,0.11403508771929824
[EDUCATION],0.0,1.0,0.0,1.0,0.0,1.0,0.0,0.0,1.0,1.0,1.0,1.0,0.0,0.0,1.0,0.0,0.0,2.0,3.0,13.0,0.11403508771929824
[UNDERSTANDING],0.0,1.0,1.0,0.0,1.0,0.0,1.0,0.0,0.0,1.0,0.0,1.0,3.0,0.0,1.0,0.0,0.0,1.0,2.0,13.0,0.11403508771929824
[ZONE],0.0,0.0,0.0,0.0,0.0,0.0,0.0,0.0,0.0,0.0,1.0,1.0,0.0,0.0,2.0,1.0,1.0,6.0,1.0,13.0,0.11403508771929824
[GENIUS],2.0,0.0,0.0,1.0,2.0,0.0,0.0,1.0,1.0,1.0,1.0,0.0,3.0,0.0,0.0,0.0,0.0,0.0,1.0,13.0,0.11403508771929824
[BEGINNING],0.0,2.0,0.0,0.0,1.0,2.0,0.0,2.0,0.0,0.0,0.0,0.0,4.0,1.0,0.0,0.0,0.0,0.0,1.0,13.0,0.11403508771929824
[CONFIDENCE],0.0,2.0,0.0,1.0,0.0,0.0,0.0,1.0,3.0,1.0,0.0,0.0,2.0,0.0,1.0,0.0,1.0,1.0,0.0,13.0,0.11403508771929824
[STORY],0.0,0.0,0.0,0.0,0.0,0.0,0.0,0.0,0.0,0.0,1.0,0.0,1.0,0.0,1.0,1.0,1.0,5.0,3.0,13.0,0.11403508771929824
[APPEARANCE],0.0,1.0,1.0,1.0,0.0,1.0,0.0,0.0,0.0,0.0,0.0,0.0,0.0,1.0,0.0,1.0,2.0,3.0,2.0,13.0,0.11403508771929824
[DEFENSE],2.0,0.0,0.0,1.0,1.0,0.0,0.0,0.0,0.0,0.0,0.0,0.0,3.0,2.0,0.0,1.0,1.0,1.0,1.0,13.0,0.11403508771929824
[VERSION],0.0,0.0,0.0,0.0,0.0,0.0,0.0,0.0,0.0,0.0,0.0,0.0,0.0,0.0,0.0,0.0,5.0,3.0,5.0,13.0,0.11403508771929824
[MOMENT],2.0,0.0,0.0,0.0,2.0,0.0,0.0,0.0,0.0,0.0,1.0,0.0,1.0,0.0,0.0,5.0,0.0,0.0,2.0,13.0,0.11403508771929824
[PEACE],0.0,0.0,0.0,0.0,0.0,0.0,0.0,0.0,0.0,1.0,0.0,1.0,0.0,2.0,0.0,2.0,2.0,1.0,4.0,13.0,0.11403508771929824
[ACTIVITY],0.0,0.0,0.0,1.0,0.0,0.0,0.0,0.0,1.0,0.0,0.0,0.0,4.0,1.0,0.0,1.0,0.0,2.0,3.0,13.0,0.11403508771929824
[KNOWLEDGE],0.0,0.0,0.0,1.0,1.0,0.0,2.0,0.0,1.0,0.0,0.0,0.0,0.0,1.0,1.0,0.0,1.0,4.0,1.0,13.0,0.11403508771929824
[PRODUCTION],1.0,0.0,0.0,1.0,0.0,0.0,0.0,0.0,0.0,0.0,0.0,1.0,3.0,2.0,1.0,1.0,3.0,0.0,0.0,13.0,0.11403508771929824
[FIGURE],0.0,1.0,0.0,0.0,0.0,0.0,0.0,1.0,1.0,0.0,0.0,2.0,1.0,2.0,1.0,0.0,1.0,2.0,1.0,13.0,0.11403508771929824
[SHADOW],0.0,0.0,0.0,2.0,0.0,0.0,0.0,0.0,0.0,0.0,0.0,0.0,3.0,0.0,0.0,2.0,1.0,2.0,3.0,13.0,0.11403508771929824
[END],0.0,0.0,1.0,0.0,2.0,0.0,0.0,1.0,2.0,0.0,1.0,1.0,0.0,1.0,2.0,1.0,1.0,0.0,0.0,13.0,0.11403508771929824
[VISION],0.0,0.0,0.0,0.0,1.0,0.0,0.0,0.0,0.0,0.0,0.0,0.0,1.0,0.0,0.0,1.0,1.0,4.0,5.0,13.0,0.11403508771929824
[ROLE],0.0,0.0,0.0,0.0,0.0,0.0,0.0,0.0,1.0,0.0,0.0,0.0,1.0,1.0,2.0,2.0,3.0,2.0,1.0,13.0,0.11403508771929824
[REPUBLIC],0.0,0.0,1.0,0.0,0.0,0.0,0.0,1.0,1.0,1.0,0.0,0.0,0.0,2.0,1.0,1.0,3.0,1.0,1.0,13.0,0.11403508771929824
[BENEFIT],0.0,2.0,2.0,2.0,2.0,1.0,0.0,0.0,0.0,0.0,1.0,1.0,1.0,0.0,0.0,0.0,1.0,0.0,0.0,13.0,0.11403508771929824
[THEORY],0.0,0.0,0.0,0.0,1.0,1.0,0.0,0.0,1.0,0.0,2.0,0.0,0.0,0.0,0.0,0.0,5.0,2.0,1.0,13.0,0.11403508771929824
[CAUSE],1.0,0.0,2.0,0.0,0.0,0.0,1.0,1.0,0.0,0.0,1.0,0.0,0.0,0.0,0.0,3.0,2.0,1.0,0.0,12.0,0.10526315789473684
[HEAT],0.0,0.0,0.0,0.0,0.0,0.0,0.0,0.0,1.0,0.0,1.0,1.0,2.0,0.0,3.0,0.0,0.0,2.0,2.0,12.0,0.10526315789473684
[RULE],1.0,0.0,0.0,0.0,0.0,1.0,0.0,0.0,0.0,1.0,0.0,0.0,1.0,0.0,1.0,2.0,2.0,2.0,1.0,12.0,0.10526315789473684
[BASIS],0.0,0.0,0.0,0.0,0.0,0.0,0.0,0.0,1.0,0.0,2.0,0.0,2.0,1.0,1.0,0.0,2.0,1.0,2.0,12.0,0.10526315789473684
[MEMBER],2.0,0.0,1.0,1.0,0.0,0.0,1.0,0.0,0.0,0.0,2.0,0.0,0.0,1.0,0.0,1.0,0.0,0.0,3.0,12.0,0.10526315789473684
[OBLIGATION],1.0,2.0,1.0,0.0,0.0,3.0,0.0,0.0,0.0,2.0,0.0,0.0,0.0,0.0,1.0,0.0,1.0,1.0,0.0,12.0,0.10526315789473684
[SELF],0.0,2.0,0.0,0.0,0.0,0.0,0.0,0.0,0.0,0.0,0.0,0.0,0.0,0.0,2.0,1.0,3.0,2.0,2.0,12.0,0.10526315789473684
[DILEMMA],0.0,0.0,0.0,0.0,0.0,0.0,0.0,0.0,0.0,0.0,1.0,2.0,0.0,1.0,0.0,1.0,4.0,1.0,2.0,12.0,0.10526315789473684
[POPULATION],1.0,1.0,3.0,2.0,0.0,0.0,1.0,0.0,0.0,0.0,0.0,1.0,0.0,0.0,0.0,0.0,1.0,1.0,1.0,12.0,0.10526315789473684
[KING],0.0,1.0,1.0,1.0,0.0,2.0,1.0,0.0,1.0,0.0,1.0,0.0,0.0,0.0,1.0,0.0,3.0,0.0,0.0,12.0,0.10526315789473684
[DEGREE],0.0,4.0,4.0,1.0,0.0,0.0,0.0,0.0,0.0,0.0,0.0,0.0,0.0,0.0,0.0,1.0,0.0,0.0,2.0,12.0,0.10526315789473684
[IMAGINATION],0.0,0.0,0.0,1.0,1.0,0.0,1.0,0.0,1.0,0.0,1.0,1.0,1.0,1.0,1.0,0.0,0.0,3.0,0.0,12.0,0.10526315789473684
[BASE],1.0,0.0,0.0,0.0,0.0,0.0,0.0,1.0,0.0,0.0,0.0,0.0,1.0,1.0,1.0,0.0,2.0,1.0,4.0,12.0,0.10526315789473684
[MAJORITY],0.0,1.0,1.0,0.0,1.0,2.0,1.0,1.0,1.0,0.0,0.0,0.0,0.0,0.0,1.0,0.0,3.0,0.0,0.0,12.0,0.10526315789473684
[PROPERTY],0.0,0.0,2.0,2.0,0.0,1.0,1.0,2.0,1.0,0.0,0.0,0.0,1.0,0.0,0.0,0.0,0.0,1.0,1.0,12.0,0.10526315789473684
[TECHNOLOGY],0.0,0.0,0.0,0.0,0.0,0.0,0.0,0.0,0.0,0.0,0.0,0.0,0.0,0.0,2.0,0.0,2.0,5.0,3.0,12.0,0.10526315789473684
[PRESUMPTION],0.0,0.0,0.0,5.0,1.0,0.0,1.0,0.0,0.0,0.0,0.0,0.0,0.0,1.0,1.0,0.0,0.0,3.0,0.0,12.0,0.10526315789473684
[LOT],0.0,0.0,0.0,0.0,0.0,0.0,0.0,0.0,0.0,1.0,1.0,0.0,2.0,0.0,1.0,1.0,1.0,4.0,1.0,12.0,0.10526315789473684
[CURRENT],0.0,0.0,0.0,0.0,3.0,1.0,1.0,0.0,0.0,1.0,1.0,0.0,0.0,0.0,1.0,0.0,2.0,0.0,2.0,12.0,0.10526315789473684
[PAPER],1.0,1.0,1.0,1.0,0.0,1.0,0.0,0.0,0.0,0.0,0.0,1.0,4.0,0.0,0.0,0.0,1.0,1.0,0.0,12.0,0.10526315789473684
[ARTIST],0.0,0.0,0.0,0.0,1.0,0.0,1.0,1.0,0.0,0.0,1.0,0.0,0.0,0.0,0.0,4.0,1.0,2.0,1.0,12.0,0.10526315789473684
[FRENCH],0.0,0.0,0.0,0.0,1.0,0.0,0.0,0.0,0.0,0.0,3.0,0.0,2.0,1.0,1.0,0.0,2.0,2.0,0.0,12.0,0.10526315789473684
[DUST],1.0,0.0,2.0,1.0,0.0,0.0,2.0,0.0,0.0,1.0,0.0,1.0,0.0,0.0,0.0,1.0,1.0,0.0,2.0,12.0,0.10526315789473684
[INCOME],0.0,0.0,0.0,0.0,0.0,0.0,0.0,0.0,0.0,0.0,0.0,0.0,8.0,0.0,2.0,1.0,0.0,0.0,1.0,12.0,0.10526315789473684
[RIPPLE],0.0,0.0,0.0,0.0,0.0,0.0,1.0,0.0,0.0,1.0,0.0,0.0,3.0,0.0,0.0,1.0,2.0,2.0,2.0,12.0,0.10526315789473684
[SUBSTANCE],0.0,0.0,7.0,0.0,1.0,0.0,0.0,0.0,1.0,0.0,0.0,1.0,0.0,2.0,0.0,0.0,0.0,0.0,0.0,12.0,0.10526315789473684
[FUROR],0.0,0.0,0.0,0.0,0.0,0.0,0.0,0.0,0.0,0.0,0.0,0.0,2.0,0.0,4.0,0.0,4.0,1.0,1.0,12.0,0.10526315789473684
[UNEMPLOYMENT],0.0,0.0,0.0,0.0,0.0,0.0,0.0,0.0,0.0,0.0,0.0,3.0,4.0,1.0,2.0,0.0,2.0,0.0,0.0,12.0,0.10526315789473684
[CREATURE],0.0,0.0,3.0,1.0,0.0,1.0,0.0,0.0,0.0,0.0,1.0,0.0,0.0,0.0,1.0,1.0,0.0,2.0,1.0,11.0,0.09649122807017543
[HAVOC],0.0,0.0,0.0,0.0,0.0,0.0,0.0,0.0,1.0,1.0,0.0,0.0,2.0,0.0,0.0,2.0,1.0,3.0,1.0,11.0,0.09649122807017543
[GAP],0.0,0.0,0.0,0.0,0.0,0.0,1.0,0.0,0.0,1.0,0.0,1.0,1.0,0.0,1.0,0.0,3.0,1.0,2.0,11.0,0.09649122807017543
[RAILROAD],0.0,0.0,0.0,1.0,0.0,0.0,0.0,0.0,1.0,0.0,1.0,0.0,0.0,2.0,4.0,0.0,0.0,0.0,2.0,11.0,0.09649122807017543
[HARMONY],0.0,0.0,0.0,0.0,1.0,0.0,0.0,0.0,0.0,1.0,0.0,4.0,2.0,0.0,0.0,0.0,0.0,2.0,1.0,11.0,0.09649122807017543
[COMMERCE],2.0,0.0,2.0,1.0,0.0,0.0,0.0,0.0,1.0,2.0,0.0,0.0,0.0,0.0,0.0,0.0,0.0,1.0,2.0,11.0,0.09649122807017543
[TRUST],1.0,1.0,0.0,0.0,0.0,0.0,0.0,0.0,0.0,2.0,1.0,1.0,2.0,0.0,0.0,0.0,0.0,0.0,3.0,11.0,0.09649122807017543
[GERMAN],0.0,1.0,0.0,0.0,0.0,0.0,0.0,0.0,1.0,3.0,1.0,0.0,0.0,3.0,1.0,0.0,0.0,0.0,1.0,11.0,0.09649122807017543
[SPECIES],0.0,2.0,2.0,2.0,0.0,0.0,0.0,0.0,0.0,0.0,0.0,1.0,1.0,0.0,0.0,0.0,2.0,1.0,0.0,11.0,0.09649122807017543
[DISTANCE],1.0,0.0,1.0,0.0,0.0,0.0,0.0,1.0,0.0,0.0,0.0,1.0,1.0,1.0,1.0,0.0,0.0,1.0,3.0,11.0,0.09649122807017543
[RISK],0.0,0.0,0.0,0.0,0.0,0.0,0.0,0.0,0.0,0.0,0.0,0.0,0.0,1.0,1.0,0.0,1.0,5.0,3.0,11.0,0.09649122807017543
[NAVY],0.0,0.0,1.0,1.0,1.0,0.0,0.0,2.0,1.0,1.0,0.0,1.0,1.0,0.0,0.0,0.0,0.0,0.0,2.0,11.0,0.09649122807017543
[TOOL],0.0,0.0,0.0,0.0,0.0,0.0,0.0,0.0,0.0,0.0,2.0,0.0,1.0,1.0,2.0,0.0,1.0,1.0,3.0,11.0,0.09649122807017543
[DEAL],0.0,1.0,0.0,1.0,1.0,0.0,1.0,2.0,0.0,2.0,1.0,1.0,1.0,0.0,0.0,0.0,0.0,0.0,0.0,11.0,0.09649122807017543
[TRAFFIC],0.0,0.0,0.0,0.0,0.0,0.0,0.0,1.0,0.0,0.0,0.0,2.0,2.0,0.0,3.0,1.0,0.0,2.0,0.0,11.0,0.09649122807017543
[QUALITY],1.0,0.0,1.0,1.0,0.0,0.0,1.0,0.0,0.0,0.0,1.0,1.0,0.0,0.0,1.0,2.0,1.0,1.0,0.0,11.0,0.09649122807017543
[MASTERPIECE],0.0,0.0,0.0,0.0,0.0,0.0,0.0,2.0,0.0,1.0,1.0,1.0,2.0,1.0,0.0,1.0,0.0,2.0,0.0,11.0,0.09649122807017543
[IDENTITY],0.0,0.0,0.0,0.0,0.0,2.0,0.0,0.0,0.0,0.0,0.0,0.0,0.0,0.0,0.0,1.0,2.0,3.0,3.0,11.0,0.09649122807017543
[EXPERIENCE],0.0,0.0,1.0,0.0,1.0,0.0,0.0,0.0,0.0,0.0,0.0,1.0,1.0,0.0,0.0,1.0,0.0,3.0,3.0,11.0,0.09649122807017543
[INFLUENCE],1.0,1.0,3.0,1.0,0.0,2.0,0.0,0.0,1.0,2.0,0.0,0.0,0.0,0.0,0.0,0.0,0.0,0.0,0.0,11.0,0.09649122807017543
[ARTICLE],0.0,0.0,0.0,4.0,0.0,0.0,0.0,0.0,0.0,1.0,3.0,1.0,1.0,0.0,1.0,0.0,0.0,0.0,0.0,11.0,0.09649122807017543
[DUKE],1.0,1.0,3.0,0.0,2.0,1.0,1.0,0.0,0.0,0.0,0.0,1.0,0.0,0.0,0.0,1.0,0.0,0.0,0.0,11.0,0.09649122807017543
[APPREHENSION],1.0,3.0,0.0,1.0,2.0,0.0,0.0,0.0,0.0,2.0,0.0,1.0,1.0,0.0,0.0,0.0,0.0,0.0,0.0,11.0,0.09649122807017543
[STORE],0.0,0.0,0.0,0.0,0.0,0.0,0.0,0.0,0.0,5.0,2.0,0.0,0.0,1.0,0.0,0.0,0.0,1.0,2.0,11.0,0.09649122807017543
[POTENTIAL],0.0,0.0,0.0,0.0,0.0,0.0,0.0,0.0,1.0,0.0,0.0,0.0,0.0,0.0,3.0,2.0,0.0,4.0,1.0,11.0,0.09649122807017543
[OPENING],0.0,0.0,0.0,0.0,0.0,0.0,0.0,0.0,0.0,1.0,0.0,0.0,0.0,0.0,1.0,1.0,4.0,2.0,2.0,11.0,0.09649122807017543
[RESULT],0.0,0.0,0.0,0.0,0.0,2.0,0.0,0.0,0.0,0.0,1.0,0.0,1.0,0.0,1.0,1.0,3.0,0.0,1.0,10.0,0.08771929824561403
[CHANNEL],1.0,0.0,0.0,0.0,1.0,0.0,0.0,0.0,0.0,0.0,0.0,0.0,0.0,2.0,0.0,0.0,4.0,0.0,2.0,10.0,0.08771929824561403
[STOCK],0.0,0.0,0.0,1.0,1.0,1.0,0.0,0.0,1.0,0.0,1.0,1.0,0.0,1.0,0.0,1.0,0.0,2.0,0.0,10.0,0.08771929824561403
[CRIME],0.0,0.0,0.0,1.0,0.0,0.0,1.0,0.0,0.0,0.0,0.0,0.0,0.0,0.0,1.0,1.0,3.0,2.0,1.0,10.0,0.08771929824561403
[INFORMATION],0.0,0.0,1.0,0.0,0.0,0.0,0.0,0.0,1.0,0.0,0.0,0.0,0.0,0.0,0.0,0.0,0.0,4.0,4.0,10.0,0.08771929824561403
[HAPPINESS],1.0,0.0,1.0,0.0,3.0,1.0,0.0,0.0,0.0,1.0,0.0,0.0,0.0,0.0,0.0,1.0,1.0,1.0,0.0,10.0,0.08771929824561403
[ADMINISTRATION],1.0,0.0,0.0,0.0,0.0,1.0,1.0,0.0,0.0,0.0,0.0,0.0,2.0,0.0,1.0,0.0,2.0,0.0,2.0,10.0,0.08771929824561403
[EFFORT],0.0,1.0,1.0,0.0,0.0,0.0,0.0,0.0,0.0,0.0,0.0,1.0,1.0,0.0,3.0,0.0,0.0,1.0,2.0,10.0,0.08771929824561403
[ANIMAL],0.0,0.0,0.0,0.0,1.0,0.0,0.0,0.0,1.0,0.0,0.0,1.0,3.0,1.0,1.0,1.0,0.0,0.0,1.0,10.0,0.08771929824561403
[FIRE],0.0,0.0,0.0,0.0,0.0,0.0,0.0,0.0,3.0,0.0,1.0,0.0,0.0,2.0,1.0,0.0,0.0,1.0,2.0,10.0,0.08771929824561403
[CHALLENGE],0.0,0.0,0.0,0.0,0.0,0.0,0.0,0.0,0.0,0.0,0.0,0.0,0.0,1.0,0.0,1.0,2.0,3.0,3.0,10.0,0.08771929824561403
[CONCERN],0.0,0.0,0.0,0.0,0.0,0.0,0.0,0.0,0.0,0.0,0.0,3.0,0.0,0.0,0.0,1.0,3.0,2.0,1.0,10.0,0.08771929824561403
[THIRST],1.0,5.0,2.0,0.0,0.0,0.0,1.0,0.0,0.0,0.0,0.0,0.0,0.0,0.0,1.0,0.0,0.0,0.0,0.0,10.0,0.08771929824561403
[PIECE],0.0,0.0,0.0,0.0,0.0,0.0,0.0,0.0,0.0,1.0,1.0,0.0,0.0,0.0,0.0,0.0,0.0,2.0,6.0,10.0,0.08771929824561403
[PERSONALITY],0.0,0.0,0.0,0.0,0.0,0.0,0.0,0.0,0.0,1.0,0.0,0.0,1.0,5.0,0.0,1.0,0.0,1.0,1.0,10.0,0.08771929824561403
[TEXTURE],0.0,0.0,0.0,0.0,0.0,0.0,0.0,0.0,0.0,0.0,0.0,0.0,2.0,0.0,0.0,1.0,1.0,2.0,4.0,10.0,0.08771929824561403
[CONTRACT],0.0,0.0,1.0,0.0,0.0,0.0,2.0,0.0,0.0,0.0,0.0,3.0,3.0,0.0,0.0,0.0,1.0,0.0,0.0,10.0,0.08771929824561403
[ASSOCIATION],0.0,0.0,1.0,0.0,1.0,0.0,0.0,0.0,0.0,0.0,1.0,3.0,1.0,0.0,0.0,0.0,0.0,2.0,1.0,10.0,0.08771929824561403
[UNCERTAINTY],0.0,0.0,0.0,0.0,0.0,1.0,0.0,0.0,0.0,0.0,0.0,2.0,1.0,0.0,0.0,2.0,0.0,1.0,3.0,10.0,0.08771929824561403
[RESOURCE],0.0,1.0,1.0,0.0,0.0,0.0,0.0,0.0,0.0,1.0,0.0,0.0,0.0,0.0,2.0,0.0,0.0,4.0,1.0,10.0,0.08771929824561403
[LEARNING],0.0,0.0,0.0,0.0,0.0,0.0,0.0,0.0,1.0,0.0,0.0,0.0,2.0,1.0,0.0,0.0,0.0,1.0,5.0,10.0,0.08771929824561403
[STAR],0.0,0.0,0.0,0.0,0.0,0.0,0.0,0.0,0.0,1.0,0.0,0.0,0.0,0.0,0.0,0.0,2.0,4.0,3.0,10.0,0.08771929824561403
[STREAM],1.0,0.0,0.0,0.0,0.0,1.0,0.0,0.0,0.0,0.0,0.0,1.0,1.0,1.0,0.0,0.0,2.0,0.0,3.0,10.0,0.08771929824561403
[WALL],0.0,1.0,0.0,0.0,0.0,0.0,0.0,0.0,0.0,0.0,0.0,1.0,0.0,0.0,1.0,0.0,0.0,1.0,6.0,10.0,0.08771929824561403
[INCENTIVE],0.0,0.0,0.0,0.0,0.0,0.0,0.0,0.0,0.0,0.0,0.0,0.0,0.0,0.0,1.0,2.0,3.0,2.0,2.0,10.0,0.08771929824561403
[MONSTER],0.0,0.0,1.0,0.0,0.0,1.0,0.0,0.0,0.0,0.0,0.0,0.0,0.0,2.0,0.0,3.0,3.0,0.0,0.0,10.0,0.08771929824561403
[UNIVERSITY],0.0,0.0,0.0,0.0,0.0,0.0,0.0,0.0,0.0,0.0,0.0,0.0,1.0,0.0,1.0,2.0,1.0,3.0,2.0,10.0,0.08771929824561403
[HAZARD],0.0,0.0,0.0,0.0,0.0,0.0,0.0,0.0,0.0,0.0,1.0,1.0,1.0,1.0,2.0,1.0,0.0,2.0,1.0,10.0,0.08771929824561403
[MYTH],0.0,0.0,0.0,0.0,0.0,0.0,0.0,0.0,0.0,1.0,0.0,0.0,1.0,2.0,1.0,2.0,2.0,0.0,1.0,10.0,0.08771929824561403
[HUMANITY],0.0,0.0,0.0,0.0,0.0,0.0,0.0,0.0,0.0,0.0,1.0,0.0,1.0,1.0,0.0,0.0,0.0,2.0,5.0,10.0,0.08771929824561403
[MECHANISM],0.0,0.0,0.0,0.0,0.0,0.0,0.0,0.0,1.0,0.0,0.0,2.0,3.0,0.0,0.0,0.0,0.0,3.0,1.0,10.0,0.08771929824561403
[RATE],0.0,0.0,0.0,0.0,0.0,0.0,0.0,0.0,1.0,2.0,0.0,1.0,1.0,1.0,1.0,1.0,0.0,1.0,1.0,10.0,0.08771929824561403
[RESERVE],0.0,0.0,0.0,0.0,0.0,0.0,0.0,0.0,0.0,2.0,1.0,0.0,0.0,0.0,1.0,3.0,1.0,0.0,2.0,10.0,0.08771929824561403
[VACANCY],0.0,0.0,2.0,0.0,1.0,0.0,1.0,0.0,1.0,0.0,0.0,2.0,0.0,1.0,1.0,0.0,0.0,0.0,1.0,10.0,0.08771929824561403
[INCREASE],1.0,0.0,1.0,2.0,0.0,1.0,1.0,0.0,0.0,0.0,0.0,0.0,0.0,1.0,1.0,0.0,0.0,1.0,1.0,10.0,0.08771929824561403
[MACHINERY],0.0,0.0,0.0,1.0,0.0,1.0,0.0,1.0,1.0,1.0,1.0,0.0,2.0,2.0,0.0,0.0,0.0,0.0,0.0,10.0,0.08771929824561403
[PRINCIPLE],0.0,2.0,2.0,1.0,0.0,1.0,0.0,0.0,0.0,0.0,0.0,1.0,0.0,1.0,0.0,0.0,1.0,1.0,0.0,10.0,0.08771929824561403
[OPPOSITION],2.0,0.0,0.0,0.0,1.0,0.0,0.0,0.0,1.0,0.0,1.0,0.0,1.0,0.0,0.0,0.0,2.0,2.0,0.0,10.0,0.08771929824561403
[/Z/],1.0,0.0,3.0,6.0,0.0,0.0,0.0,0.0,0.0,0.0,0.0,0.0,0.0,0.0,0.0,0.0,0.0,0.0,0.0,10.0,0.08771929824561403
[TEACHER],1.0,0.0,0.0,1.0,0.0,0.0,0.0,0.0,2.0,0.0,1.0,0.0,0.0,0.0,0.0,2.0,0.0,2.0,1.0,10.0,0.08771929824561403
[GARDEN],0.0,0.0,1.0,0.0,0.0,1.0,0.0,0.0,0.0,0.0,1.0,0.0,1.0,1.0,0.0,1.0,1.0,1.0,1.0,9.0,0.07894736842105263
[COURSE],3.0,1.0,0.0,1.0,0.0,0.0,0.0,0.0,0.0,0.0,0.0,0.0,0.0,0.0,0.0,0.0,0.0,1.0,3.0,9.0,0.07894736842105263
[BLOOD],0.0,0.0,1.0,1.0,0.0,0.0,1.0,0.0,1.0,1.0,0.0,1.0,0.0,0.0,0.0,0.0,1.0,1.0,1.0,9.0,0.07894736842105263
[PRESENCE],1.0,2.0,0.0,0.0,1.0,0.0,1.0,2.0,0.0,0.0,0.0,0.0,0.0,0.0,0.0,0.0,1.0,0.0,1.0,9.0,0.07894736842105263
[COLLEGE],0.0,0.0,0.0,0.0,0.0,2.0,0.0,2.0,0.0,0.0,0.0,0.0,0.0,2.0,1.0,2.0,0.0,0.0,0.0,9.0,0.07894736842105263
[DISCUSSION],1.0,2.0,1.0,1.0,0.0,1.0,1.0,0.0,0.0,0.0,0.0,0.0,0.0,0.0,0.0,0.0,0.0,1.0,1.0,9.0,0.07894736842105263
[NEWS],0.0,0.0,0.0,0.0,1.0,0.0,0.0,1.0,0.0,1.0,0.0,0.0,0.0,1.0,1.0,2.0,2.0,0.0,0.0,9.0,0.07894736842105263
[EXCHANGE],2.0,0.0,0.0,2.0,1.0,0.0,0.0,0.0,0.0,0.0,0.0,0.0,3.0,0.0,1.0,0.0,0.0,0.0,0.0,9.0,0.07894736842105263
[MYSTERY],0.0,0.0,1.0,0.0,0.0,0.0,0.0,1.0,0.0,0.0,1.0,1.0,0.0,0.0,2.0,0.0,1.0,2.0,0.0,9.0,0.07894736842105263
[NAME],0.0,2.0,1.0,0.0,0.0,1.0,0.0,0.0,0.0,0.0,0.0,0.0,2.0,0.0,0.0,1.0,0.0,1.0,1.0,9.0,0.07894736842105263
[FATHER],1.0,0.0,1.0,0.0,0.0,0.0,0.0,1.0,0.0,1.0,1.0,0.0,0.0,2.0,0.0,1.0,0.0,1.0,0.0,9.0,0.07894736842105263
[EMOTION],0.0,1.0,3.0,1.0,1.0,0.0,1.0,0.0,0.0,0.0,0.0,1.0,0.0,0.0,0.0,0.0,0.0,1.0,0.0,9.0,0.07894736842105263
[POST],0.0,0.0,0.0,0.0,0.0,0.0,0.0,1.0,0.0,0.0,0.0,1.0,3.0,1.0,0.0,0.0,0.0,2.0,1.0,9.0,0.07894736842105263
[COST],0.0,0.0,0.0,0.0,0.0,1.0,1.0,1.0,0.0,1.0,0.0,0.0,0.0,1.0,0.0,0.0,0.0,2.0,2.0,9.0,0.07894736842105263
[JEALOUSY],1.0,0.0,3.0,0.0,0.0,0.0,2.0,0.0,0.0,0.0,0.0,0.0,0.0,0.0,0.0,0.0,1.0,1.0,1.0,9.0,0.07894736842105263
[NOISE],0.0,0.0,0.0,0.0,0.0,1.0,1.0,0.0,1.0,0.0,1.0,0.0,0.0,1.0,1.0,1.0,1.0,1.0,0.0,9.0,0.07894736842105263
[FOUNDATION],0.0,0.0,0.0,0.0,0.0,0.0,0.0,0.0,0.0,0.0,2.0,0.0,1.0,1.0,0.0,2.0,1.0,1.0,1.0,9.0,0.07894736842105263
[DISTRICT],0.0,0.0,1.0,0.0,0.0,0.0,0.0,0.0,0.0,0.0,0.0,1.0,2.0,0.0,1.0,1.0,3.0,0.0,0.0,9.0,0.07894736842105263
[VARIETY],0.0,0.0,2.0,1.0,1.0,0.0,0.0,0.0,0.0,0.0,0.0,0.0,0.0,0.0,0.0,0.0,0.0,2.0,3.0,9.0,0.07894736842105263
[PRICE],0.0,0.0,0.0,0.0,0.0,0.0,1.0,0.0,0.0,0.0,2.0,0.0,0.0,0.0,1.0,2.0,1.0,0.0,2.0,9.0,0.07894736842105263
[DEMOCRACY],0.0,0.0,0.0,0.0,0.0,0.0,0.0,0.0,0.0,0.0,1.0,1.0,1.0,1.0,1.0,2.0,0.0,2.0,0.0,9.0,0.07894736842105263
[PAIR],0.0,0.0,1.0,0.0,1.0,0.0,1.0,0.0,2.0,0.0,0.0,0.0,0.0,0.0,0.0,1.0,1.0,1.0,1.0,9.0,0.07894736842105263
[UNITY],0.0,0.0,2.0,0.0,1.0,0.0,0.0,0.0,1.0,0.0,1.0,0.0,0.0,2.0,0.0,0.0,2.0,0.0,0.0,9.0,0.07894736842105263
[AWARENESS],0.0,0.0,0.0,0.0,0.0,0.0,0.0,0.0,0.0,0.0,0.0,0.0,0.0,1.0,0.0,1.0,2.0,1.0,4.0,9.0,0.07894736842105263
[QUESTION],1.0,0.0,0.0,0.0,0.0,0.0,0.0,1.0,0.0,1.0,0.0,0.0,0.0,1.0,0.0,1.0,0.0,2.0,2.0,9.0,0.07894736842105263
[ATTENTION],0.0,0.0,0.0,0.0,1.0,0.0,0.0,0.0,0.0,0.0,1.0,1.0,1.0,2.0,1.0,1.0,1.0,0.0,0.0,9.0,0.07894736842105263
[EQUAL],0.0,1.0,0.0,3.0,0.0,0.0,0.0,0.0,0.0,1.0,0.0,0.0,0.0,1.0,2.0,0.0,0.0,1.0,0.0,9.0,0.07894736842105263
[ADVANTAGE],0.0,0.0,2.0,0.0,1.0,0.0,1.0,1.0,0.0,0.0,0.0,0.0,0.0,0.0,1.0,0.0,0.0,3.0,0.0,9.0,0.07894736842105263
[TOWN],0.0,1.0,0.0,1.0,0.0,0.0,0.0,0.0,0.0,0.0,0.0,0.0,2.0,0.0,0.0,2.0,2.0,0.0,1.0,9.0,0.07894736842105263
[OCCUPATION],2.0,1.0,1.0,0.0,0.0,0.0,0.0,0.0,0.0,1.0,1.0,0.0,1.0,0.0,2.0,0.0,0.0,0.0,0.0,9.0,0.07894736842105263
[BURDEN],0.0,1.0,0.0,0.0,0.0,0.0,1.0,0.0,0.0,0.0,0.0,0.0,1.0,0.0,1.0,0.0,2.0,3.0,0.0,9.0,0.07894736842105263
[DISORDER],0.0,0.0,0.0,2.0,0.0,0.0,0.0,0.0,0.0,1.0,0.0,0.0,2.0,1.0,0.0,0.0,2.0,0.0,1.0,9.0,0.07894736842105263
[POSSIBILITY],0.0,0.0,0.0,0.0,0.0,0.0,0.0,0.0,0.0,0.0,0.0,0.0,0.0,0.0,1.0,4.0,2.0,2.0,0.0,9.0,0.07894736842105263
[CONNECTION],0.0,0.0,0.0,0.0,0.0,0.0,0.0,0.0,0.0,1.0,0.0,0.0,0.0,0.0,1.0,3.0,0.0,0.0,4.0,9.0,0.07894736842105263
[WONDER],0.0,0.0,0.0,1.0,1.0,0.0,1.0,1.0,0.0,1.0,0.0,0.0,1.0,1.0,1.0,0.0,1.0,0.0,0.0,9.0,0.07894736842105263
[CONSTERNATION],0.0,0.0,0.0,3.0,1.0,1.0,1.0,0.0,0.0,0.0,1.0,0.0,1.0,0.0,0.0,0.0,0.0,0.0,1.0,9.0,0.07894736842105263
[HOUSE],0.0,1.0,0.0,1.0,1.0,1.0,0.0,0.0,0.0,0.0,0.0,0.0,1.0,2.0,0.0,0.0,0.0,1.0,1.0,9.0,0.07894736842105263
[EXPECTATION],0.0,0.0,0.0,2.0,1.0,0.0,0.0,1.0,0.0,0.0,0.0,0.0,0.0,1.0,0.0,2.0,0.0,2.0,0.0,9.0,0.07894736842105263
[EXPENSE],0.0,1.0,0.0,1.0,0.0,1.0,1.0,0.0,0.0,0.0,1.0,1.0,0.0,0.0,0.0,1.0,0.0,1.0,1.0,9.0,0.07894736842105263
[CONTEXT],0.0,0.0,0.0,0.0,0.0,0.0,0.0,0.0,0.0,0.0,0.0,0.0,0.0,1.0,0.0,1.0,1.0,3.0,3.0,9.0,0.07894736842105263
[RESENTMENT],0.0,0.0,0.0,0.0,0.0,0.0,1.0,0.0,0.0,0.0,0.0,0.0,1.0,2.0,0.0,2.0,1.0,0.0,2.0,9.0,0.07894736842105263
[BOOM],0.0,0.0,0.0,0.0,0.0,0.0,0.0,0.0,0.0,0.0,0.0,0.0,0.0,0.0,2.0,1.0,5.0,0.0,1.0,9.0,0.07894736842105263
[ALTERNATIVE],0.0,0.0,0.0,0.0,0.0,0.0,0.0,0.0,0.0,0.0,0.0,0.0,0.0,0.0,1.0,3.0,2.0,2.0,1.0,9.0,0.07894736842105263
[PARK],0.0,0.0,0.0,0.0,0.0,0.0,0.0,0.0,0.0,0.0,0.0,0.0,0.0,1.0,1.0,2.0,3.0,2.0,0.0,9.0,0.07894736842105263
[TAX],1.0,0.0,0.0,0.0,0.0,0.0,0.0,0.0,0.0,0.0,0.0,0.0,0.0,1.0,1.0,2.0,0.0,2.0,2.0,9.0,0.07894736842105263
[PAINTING],0.0,0.0,0.0,0.0,0.0,0.0,1.0,0.0,0.0,0.0,0.0,0.0,0.0,0.0,0.0,0.0,1.0,6.0,1.0,9.0,0.07894736842105263
[ACCESS],0.0,0.0,0.0,1.0,0.0,0.0,0.0,0.0,1.0,0.0,0.0,0.0,0.0,2.0,1.0,0.0,0.0,4.0,0.0,9.0,0.07894736842105263
[FOOD],0.0,0.0,0.0,0.0,0.0,0.0,0.0,1.0,0.0,0.0,0.0,1.0,0.0,1.0,0.0,0.0,3.0,1.0,2.0,9.0,0.07894736842105263
[FICTION],0.0,0.0,0.0,1.0,0.0,0.0,2.0,0.0,0.0,0.0,0.0,1.0,0.0,0.0,1.0,1.0,1.0,0.0,2.0,9.0,0.07894736842105263
[WINDOW],0.0,0.0,0.0,1.0,0.0,0.0,0.0,0.0,0.0,0.0,0.0,2.0,0.0,0.0,0.0,0.0,2.0,3.0,1.0,9.0,0.07894736842105263
[ERA],1.0,0.0,0.0,0.0,2.0,0.0,1.0,0.0,0.0,0.0,0.0,1.0,1.0,0.0,0.0,0.0,3.0,0.0,0.0,9.0,0.07894736842105263
[STORM],0.0,0.0,0.0,0.0,0.0,0.0,0.0,0.0,1.0,0.0,2.0,1.0,2.0,0.0,0.0,0.0,2.0,0.0,0.0,8.0,0.07017543859649122
[STATUS],0.0,0.0,0.0,0.0,0.0,0.0,2.0,0.0,0.0,1.0,0.0,0.0,0.0,3.0,0.0,2.0,0.0,0.0,0.0,8.0,0.07017543859649122
[SIZE],0.0,0.0,0.0,0.0,0.0,0.0,0.0,0.0,0.0,0.0,0.0,1.0,0.0,0.0,2.0,1.0,1.0,2.0,1.0,8.0,0.07017543859649122
[MIRACLE],0.0,0.0,0.0,0.0,0.0,0.0,0.0,0.0,0.0,0.0,5.0,1.0,0.0,1.0,0.0,0.0,0.0,1.0,0.0,8.0,0.07017543859649122
[DECISION],0.0,1.0,0.0,0.0,0.0,0.0,0.0,0.0,0.0,0.0,0.0,0.0,0.0,2.0,0.0,2.0,2.0,0.0,1.0,8.0,0.07017543859649122
[PLAN],0.0,0.0,0.0,0.0,0.0,0.0,0.0,0.0,0.0,0.0,1.0,1.0,0.0,0.0,0.0,0.0,0.0,2.0,4.0,8.0,0.07017543859649122
[PERFORMANCE],0.0,0.0,1.0,0.0,0.0,1.0,1.0,0.0,0.0,0.0,0.0,0.0,1.0,1.0,1.0,0.0,0.0,1.0,1.0,8.0,0.07017543859649122
[CELL],0.0,0.0,0.0,0.0,0.0,0.0,0.0,0.0,1.0,0.0,0.0,0.0,0.0,1.0,1.0,0.0,2.0,1.0,2.0,8.0,0.07017543859649122
[SUN],0.0,1.0,1.0,0.0,0.0,0.0,0.0,1.0,1.0,1.0,0.0,0.0,0.0,1.0,0.0,1.0,0.0,1.0,0.0,8.0,0.07017543859649122
[CASE],0.0,0.0,1.0,0.0,0.0,0.0,0.0,0.0,0.0,1.0,2.0,1.0,1.0,2.0,0.0,0.0,0.0,0.0,0.0,8.0,0.07017543859649122
[DISSATISFACTION],1.0,1.0,0.0,2.0,0.0,0.0,0.0,0.0,1.0,0.0,0.0,1.0,0.0,0.0,0.0,1.0,0.0,1.0,0.0,8.0,0.07017543859649122
[LEGISLATION],1.0,1.0,0.0,1.0,1.0,0.0,0.0,1.0,1.0,0.0,0.0,2.0,0.0,0.0,0.0,0.0,0.0,0.0,0.0,8.0,0.07017543859649122
[REPUTATION],1.0,1.0,0.0,0.0,0.0,0.0,1.0,0.0,0.0,0.0,1.0,1.0,0.0,0.0,2.0,0.0,1.0,0.0,0.0,8.0,0.07017543859649122
[FUNCTION],0.0,0.0,0.0,0.0,0.0,0.0,1.0,0.0,1.0,0.0,0.0,2.0,1.0,0.0,0.0,0.0,0.0,3.0,0.0,8.0,0.07017543859649122
[HYBRID],0.0,0.0,0.0,0.0,0.0,0.0,0.0,0.0,0.0,0.0,0.0,0.0,0.0,0.0,0.0,0.0,3.0,3.0,2.0,8.0,0.07017543859649122
[AUDIENCE],0.0,0.0,0.0,0.0,0.0,1.0,0.0,1.0,0.0,0.0,0.0,0.0,0.0,0.0,0.0,3.0,1.0,1.0,1.0,8.0,0.07017543859649122
[AUTHOR],0.0,1.0,0.0,0.0,0.0,1.0,0.0,1.0,0.0,0.0,0.0,2.0,0.0,0.0,0.0,0.0,1.0,1.0,1.0,8.0,0.07017543859649122
[PLANT],0.0,0.0,0.0,0.0,0.0,0.0,1.0,0.0,0.0,1.0,0.0,0.0,2.0,0.0,0.0,0.0,1.0,1.0,2.0,8.0,0.07017543859649122
[OIL],0.0,0.0,0.0,0.0,0.0,0.0,0.0,0.0,0.0,0.0,0.0,1.0,1.0,0.0,0.0,0.0,2.0,4.0,0.0,8.0,0.07017543859649122
[ISLAND],0.0,1.0,1.0,0.0,0.0,2.0,0.0,0.0,0.0,0.0,0.0,1.0,2.0,0.0,0.0,0.0,0.0,0.0,1.0,8.0,0.07017543859649122
[WORKER],0.0,0.0,0.0,0.0,0.0,0.0,0.0,0.0,0.0,0.0,0.0,0.0,3.0,2.0,1.0,1.0,0.0,0.0,1.0,8.0,0.07017543859649122
[ARISTOCRACY],0.0,3.0,1.0,0.0,0.0,0.0,3.0,1.0,0.0,0.0,0.0,0.0,0.0,0.0,0.0,0.0,0.0,0.0,0.0,8.0,0.07017543859649122
[TRADITION],0.0,0.0,0.0,0.0,0.0,0.0,1.0,0.0,0.0,1.0,1.0,0.0,1.0,1.0,0.0,0.0,0.0,2.0,1.0,8.0,0.07017543859649122
[SHAPE],0.0,0.0,0.0,0.0,0.0,1.0,0.0,0.0,0.0,1.0,0.0,0.0,2.0,0.0,1.0,1.0,0.0,1.0,1.0,8.0,0.07017543859649122
[FEVER],0.0,0.0,1.0,2.0,0.0,2.0,0.0,0.0,0.0,0.0,0.0,1.0,0.0,1.0,0.0,0.0,0.0,0.0,1.0,8.0,0.07017543859649122
[LOSS],0.0,0.0,0.0,0.0,0.0,0.0,0.0,0.0,0.0,0.0,0.0,0.0,0.0,0.0,0.0,0.0,2.0,3.0,3.0,8.0,0.07017543859649122
[TURMOIL],0.0,0.0,0.0,0.0,0.0,1.0,0.0,0.0,0.0,0.0,0.0,0.0,2.0,1.0,1.0,2.0,1.0,0.0,0.0,8.0,0.07017543859649122
[MANNER],0.0,0.0,4.0,1.0,1.0,0.0,0.0,0.0,0.0,0.0,0.0,0.0,1.0,0.0,0.0,1.0,0.0,0.0,0.0,8.0,0.07017543859649122
[DAM],0.0,0.0,0.0,0.0,0.0,0.0,0.0,0.0,0.0,0.0,0.0,1.0,0.0,1.0,1.0,1.0,1.0,3.0,0.0,8.0,0.07017543859649122
[DEPOSIT],0.0,0.0,0.0,0.0,0.0,0.0,1.0,0.0,0.0,0.0,0.0,0.0,2.0,0.0,0.0,0.0,2.0,3.0,0.0,8.0,0.07017543859649122
[BUREAU],0.0,0.0,0.0,0.0,0.0,1.0,0.0,0.0,2.0,0.0,3.0,0.0,0.0,0.0,0.0,0.0,0.0,1.0,1.0,8.0,0.07017543859649122
[JUSTICE],1.0,0.0,1.0,0.0,1.0,0.0,0.0,0.0,0.0,0.0,1.0,0.0,0.0,2.0,0.0,0.0,0.0,0.0,2.0,8.0,0.07017543859649122
[EPOCH],0.0,1.0,0.0,3.0,1.0,0.0,0.0,0.0,0.0,0.0,1.0,0.0,2.0,0.0,0.0,0.0,0.0,0.0,0.0,8.0,0.07017543859649122
[SYMBOL],0.0,0.0,0.0,0.0,0.0,0.0,0.0,0.0,0.0,0.0,0.0,1.0,0.0,1.0,0.0,2.0,1.0,1.0,2.0,8.0,0.07017543859649122
[BUREAUCRACY],0.0,0.0,0.0,0.0,0.0,0.0,0.0,0.0,0.0,0.0,1.0,0.0,1.0,0.0,1.0,1.0,2.0,2.0,0.0,8.0,0.07017543859649122
[IDEAL],0.0,0.0,0.0,0.0,1.0,0.0,0.0,0.0,1.0,0.0,0.0,4.0,0.0,1.0,0.0,0.0,1.0,0.0,0.0,8.0,0.07017543859649122
[MEASURE],1.0,1.0,0.0,0.0,0.0,0.0,0.0,0.0,0.0,0.0,0.0,0.0,2.0,0.0,1.0,1.0,0.0,1.0,1.0,8.0,0.07017543859649122
[TRAIN],0.0,1.0,0.0,0.0,0.0,1.0,0.0,0.0,1.0,0.0,0.0,2.0,0.0,1.0,0.0,1.0,1.0,0.0,0.0,8.0,0.07017543859649122
[TEST],0.0,0.0,0.0,0.0,0.0,0.0,0.0,0.0,0.0,0.0,0.0,0.0,0.0,0.0,0.0,1.0,0.0,6.0,1.0,8.0,0.07017543859649122
[RESPONSE],0.0,0.0,0.0,0.0,0.0,0.0,0.0,0.0,0.0,0.0,1.0,1.0,0.0,0.0,0.0,3.0,0.0,3.0,0.0,8.0,0.07017543859649122
[PROJECT],0.0,0.0,0.0,0.0,0.0,0.0,0.0,0.0,1.0,0.0,0.0,1.0,0.0,0.0,0.0,0.0,3.0,2.0,1.0,8.0,0.07017543859649122
[DISEASE],0.0,0.0,1.0,1.0,0.0,1.0,0.0,0.0,0.0,3.0,0.0,0.0,0.0,0.0,0.0,0.0,2.0,0.0,0.0,8.0,0.07017543859649122
[WASTE],0.0,0.0,0.0,0.0,1.0,0.0,0.0,0.0,0.0,0.0,0.0,0.0,0.0,0.0,0.0,1.0,2.0,4.0,0.0,8.0,0.07017543859649122
[OBJECTIVE],0.0,0.0,0.0,0.0,0.0,0.0,0.0,0.0,0.0,0.0,0.0,0.0,0.0,6.0,1.0,0.0,0.0,0.0,1.0,8.0,0.07017543859649122
[PROFIT],0.0,0.0,0.0,0.0,0.0,0.0,0.0,0.0,0.0,1.0,0.0,0.0,1.0,0.0,0.0,0.0,2.0,3.0,1.0,8.0,0.07017543859649122
[ADULT],0.0,0.0,0.0,0.0,0.0,0.0,0.0,0.0,0.0,0.0,0.0,0.0,0.0,4.0,0.0,2.0,1.0,1.0,0.0,8.0,0.07017543859649122
[IMPROVEMENT],0.0,1.0,0.0,1.0,1.0,1.0,0.0,0.0,0.0,0.0,0.0,0.0,0.0,3.0,0.0,0.0,0.0,0.0,1.0,8.0,0.07017543859649122
[ENGLISH],0.0,2.0,0.0,0.0,1.0,1.0,1.0,0.0,0.0,1.0,0.0,1.0,0.0,0.0,0.0,0.0,0.0,0.0,1.0,8.0,0.07017543859649122
[EXPLOSION],0.0,0.0,0.0,0.0,0.0,0.0,0.0,0.0,1.0,0.0,0.0,0.0,2.0,0.0,0.0,2.0,1.0,1.0,1.0,8.0,0.07017543859649122
[JUDGE],0.0,0.0,0.0,0.0,1.0,1.0,3.0,0.0,0.0,0.0,0.0,0.0,1.0,0.0,2.0,0.0,0.0,0.0,0.0,8.0,0.07017543859649122
[THREAT],0.0,0.0,0.0,0.0,0.0,0.0,0.0,0.0,0.0,0.0,0.0,0.0,0.0,1.0,2.0,1.0,3.0,0.0,1.0,8.0,0.07017543859649122
[STAGE],0.0,0.0,0.0,0.0,1.0,0.0,0.0,0.0,0.0,0.0,0.0,0.0,1.0,1.0,1.0,1.0,2.0,1.0,0.0,8.0,0.07017543859649122
[REVENUE],1.0,2.0,0.0,0.0,1.0,0.0,1.0,2.0,0.0,0.0,0.0,0.0,0.0,0.0,0.0,0.0,0.0,1.0,0.0,8.0,0.07017543859649122
[STRATEGY],0.0,0.0,0.0,0.0,0.0,0.0,0.0,0.0,0.0,0.0,0.0,0.0,0.0,0.0,0.0,0.0,0.0,2.0,6.0,8.0,0.07017543859649122
[OCCASION],0.0,0.0,0.0,1.0,0.0,0.0,0.0,0.0,1.0,0.0,1.0,0.0,0.0,0.0,1.0,3.0,0.0,0.0,1.0,8.0,0.07017543859649122
[APPETITE],0.0,1.0,1.0,2.0,0.0,0.0,1.0,0.0,2.0,0.0,0.0,0.0,0.0,0.0,0.0,0.0,0.0,1.0,0.0,8.0,0.07017543859649122
[TENDENCY],0.0,0.0,0.0,2.0,0.0,1.0,1.0,0.0,0.0,0.0,0.0,1.0,1.0,0.0,1.0,1.0,0.0,0.0,0.0,8.0,0.07017543859649122
[CONTROL],0.0,0.0,0.0,1.0,0.0,0.0,0.0,1.0,0.0,1.0,0.0,0.0,0.0,0.0,2.0,0.0,2.0,0.0,1.0,8.0,0.07017543859649122
[FACULTY],0.0,0.0,1.0,0.0,0.0,1.0,1.0,1.0,3.0,0.0,0.0,0.0,0.0,0.0,0.0,0.0,1.0,0.0,0.0,8.0,0.07017543859649122
[BUILDING],0.0,0.0,0.0,0.0,0.0,0.0,0.0,0.0,0.0,1.0,0.0,0.0,0.0,0.0,0.0,2.0,1.0,4.0,0.0,8.0,0.07017543859649122
[FREEDOM],1.0,0.0,0.0,0.0,1.0,0.0,0.0,0.0,0.0,0.0,1.0,1.0,0.0,0.0,0.0,1.0,1.0,1.0,1.0,8.0,0.07017543859649122
[PRECEDENT],0.0,1.0,0.0,0.0,0.0,0.0,0.0,0.0,0.0,1.0,1.0,0.0,1.0,2.0,1.0,0.0,0.0,0.0,1.0,8.0,0.07017543859649122
[SITE],0.0,0.0,0.0,0.0,0.0,0.0,0.0,0.0,0.0,0.0,0.0,0.0,0.0,0.0,1.0,0.0,0.0,3.0,4.0,8.0,0.07017543859649122
[PAST],0.0,0.0,0.0,0.0,1.0,0.0,0.0,0.0,0.0,1.0,0.0,1.0,1.0,1.0,1.0,0.0,2.0,0.0,0.0,8.0,0.07017543859649122
[DEFICIT],0.0,0.0,0.0,0.0,0.0,0.0,0.0,0.0,1.0,1.0,1.0,1.0,1.0,0.0,1.0,0.0,0.0,2.0,0.0,8.0,0.07017543859649122
[CONVENIENCE],0.0,1.0,0.0,0.0,0.0,0.0,0.0,1.0,1.0,0.0,0.0,0.0,0.0,1.0,0.0,1.0,0.0,0.0,2.0,7.0,0.06140350877192982
[LIST],0.0,0.0,0.0,0.0,0.0,0.0,0.0,0.0,0.0,0.0,0.0,0.0,0.0,0.0,0.0,1.0,1.0,3.0,2.0,7.0,0.06140350877192982
[CONFERENCE],0.0,1.0,0.0,0.0,0.0,0.0,0.0,0.0,0.0,1.0,1.0,0.0,0.0,0.0,0.0,1.0,1.0,1.0,1.0,7.0,0.06140350877192982
[HORROR],0.0,0.0,0.0,0.0,1.0,0.0,1.0,0.0,1.0,0.0,1.0,0.0,0.0,1.0,1.0,1.0,0.0,0.0,0.0,7.0,0.06140350877192982
[TRANSITION],0.0,0.0,0.0,0.0,0.0,0.0,1.0,0.0,0.0,0.0,0.0,0.0,0.0,0.0,0.0,0.0,2.0,1.0,3.0,7.0,0.06140350877192982
[MINORITY],0.0,0.0,0.0,0.0,0.0,0.0,0.0,0.0,0.0,0.0,0.0,0.0,0.0,1.0,1.0,1.0,4.0,0.0,0.0,7.0,0.06140350877192982
[TIE],2.0,0.0,1.0,0.0,1.0,0.0,0.0,0.0,0.0,0.0,0.0,0.0,0.0,0.0,1.0,0.0,1.0,1.0,0.0,7.0,0.06140350877192982
[LINK],0.0,0.0,0.0,0.0,0.0,0.0,0.0,0.0,0.0,0.0,0.0,1.0,1.0,0.0,0.0,0.0,1.0,2.0,2.0,7.0,0.06140350877192982
[CHAPTER],1.0,0.0,0.0,0.0,0.0,0.0,1.0,0.0,0.0,1.0,1.0,1.0,0.0,0.0,0.0,0.0,1.0,1.0,0.0,7.0,0.06140350877192982
[READER],0.0,1.0,0.0,0.0,0.0,0.0,1.0,0.0,0.0,0.0,1.0,1.0,0.0,1.0,1.0,0.0,0.0,0.0,1.0,7.0,0.06140350877192982
[MOUNTAIN],0.0,0.0,1.0,0.0,0.0,0.0,0.0,1.0,1.0,0.0,0.0,0.0,0.0,0.0,0.0,1.0,0.0,2.0,1.0,7.0,0.06140350877192982
[MANAGEMENT],0.0,0.0,0.0,0.0,0.0,0.0,0.0,0.0,0.0,0.0,0.0,2.0,0.0,0.0,0.0,1.0,2.0,1.0,1.0,7.0,0.06140350877192982
[CLAY],1.0,0.0,0.0,0.0,0.0,1.0,0.0,0.0,4.0,0.0,0.0,0.0,0.0,0.0,0.0,0.0,0.0,1.0,0.0,7.0,0.06140350877192982
[SANCTION],0.0,0.0,0.0,1.0,0.0,0.0,0.0,3.0,0.0,0.0,1.0,0.0,0.0,1.0,0.0,0.0,0.0,0.0,1.0,7.0,0.06140350877192982
[COMPLEX],0.0,0.0,0.0,0.0,0.0,0.0,0.0,0.0,0.0,0.0,0.0,1.0,0.0,1.0,0.0,1.0,3.0,1.0,0.0,7.0,0.06140350877192982
[DIALOGUE],0.0,0.0,0.0,0.0,0.0,0.0,0.0,0.0,0.0,0.0,0.0,0.0,0.0,0.0,1.0,2.0,2.0,0.0,2.0,7.0,0.06140350877192982
[PERFECTION],0.0,1.0,0.0,1.0,0.0,1.0,0.0,0.0,0.0,1.0,0.0,0.0,0.0,0.0,0.0,1.0,1.0,1.0,0.0,7.0,0.06140350877192982
[THOUGHT],1.0,0.0,0.0,1.0,0.0,1.0,0.0,1.0,0.0,1.0,1.0,0.0,0.0,1.0,0.0,0.0,0.0,0.0,0.0,7.0,0.06140350877192982
[STUDY],0.0,1.0,0.0,0.0,0.0,0.0,0.0,0.0,0.0,0.0,0.0,0.0,0.0,1.0,0.0,1.0,1.0,2.0,1.0,7.0,0.06140350877192982
[PARENT],0.0,0.0,0.0,1.0,0.0,0.0,0.0,0.0,1.0,0.0,3.0,0.0,0.0,2.0,0.0,0.0,0.0,0.0,0.0,7.0,0.06140350877192982
[EFFICIENCY],0.0,0.0,1.0,0.0,0.0,0.0,0.0,0.0,1.0,1.0,1.0,0.0,0.0,0.0,1.0,1.0,1.0,0.0,0.0,7.0,0.06140350877192982
[LABORATORY],0.0,0.0,0.0,0.0,0.0,0.0,0.0,0.0,0.0,0.0,0.0,1.0,0.0,0.0,0.0,1.0,1.0,2.0,2.0,7.0,0.06140350877192982
[ARRANGEMENT],0.0,0.0,0.0,0.0,0.0,0.0,0.0,0.0,0.0,0.0,0.0,0.0,0.0,1.0,1.0,0.0,3.0,0.0,2.0,7.0,0.06140350877192982
[REFORM],0.0,0.0,1.0,1.0,0.0,0.0,0.0,0.0,1.0,0.0,0.0,0.0,0.0,0.0,0.0,0.0,1.0,2.0,1.0,7.0,0.06140350877192982
[PRACTICE],0.0,0.0,1.0,0.0,0.0,0.0,0.0,0.0,0.0,0.0,1.0,0.0,0.0,0.0,0.0,0.0,3.0,0.0,2.0,7.0,0.06140350877192982
[SOVEREIGNTY],0.0,0.0,0.0,0.0,0.0,1.0,0.0,0.0,0.0,0.0,4.0,0.0,0.0,0.0,0.0,0.0,0.0,0.0,2.0,7.0,0.06140350877192982
[IMPACT],0.0,0.0,0.0,0.0,0.0,0.0,0.0,0.0,0.0,0.0,0.0,0.0,0.0,0.0,0.0,1.0,0.0,6.0,0.0,7.0,0.06140350877192982
[LIVING],0.0,0.0,1.0,0.0,0.0,0.0,0.0,0.0,0.0,1.0,2.0,0.0,0.0,0.0,0.0,1.0,0.0,2.0,0.0,7.0,0.06140350877192982
[SPLIT],0.0,0.0,0.0,0.0,1.0,0.0,0.0,1.0,0.0,0.0,0.0,0.0,0.0,0.0,4.0,0.0,0.0,1.0,0.0,7.0,0.06140350877192982
[RANK],0.0,0.0,0.0,0.0,1.0,0.0,0.0,1.0,0.0,0.0,0.0,1.0,1.0,0.0,2.0,0.0,1.0,0.0,0.0,7.0,0.06140350877192982
[MOON],0.0,0.0,0.0,0.0,0.0,2.0,0.0,1.0,0.0,1.0,0.0,0.0,0.0,1.0,0.0,0.0,0.0,1.0,1.0,7.0,0.06140350877192982
[FARM],1.0,0.0,1.0,0.0,0.0,0.0,0.0,0.0,0.0,0.0,1.0,0.0,1.0,0.0,1.0,0.0,0.0,1.0,1.0,7.0,0.06140350877192982
[AGENT],0.0,0.0,0.0,0.0,0.0,0.0,0.0,0.0,0.0,0.0,0.0,0.0,1.0,0.0,0.0,3.0,0.0,2.0,1.0,7.0,0.06140350877192982
[LIKE],0.0,0.0,1.0,0.0,0.0,0.0,0.0,0.0,2.0,0.0,0.0,1.0,0.0,0.0,0.0,0.0,2.0,1.0,0.0,7.0,0.06140350877192982
[HABIT],3.0,0.0,0.0,0.0,0.0,0.0,0.0,0.0,0.0,0.0,0.0,1.0,0.0,3.0,0.0,0.0,0.0,0.0,0.0,7.0,0.06140350877192982
[VIOLENCE],0.0,0.0,0.0,0.0,0.0,0.0,0.0,0.0,0.0,0.0,0.0,0.0,1.0,0.0,0.0,3.0,3.0,0.0,0.0,7.0,0.06140350877192982
[GROUND],0.0,0.0,2.0,1.0,0.0,0.0,0.0,0.0,0.0,0.0,0.0,0.0,1.0,0.0,0.0,0.0,1.0,1.0,1.0,7.0,0.06140350877192982
[POETRY],0.0,0.0,1.0,0.0,0.0,0.0,0.0,0.0,0.0,0.0,0.0,0.0,0.0,0.0,1.0,3.0,0.0,1.0,1.0,7.0,0.06140350877192982
[COMPOSITION],0.0,0.0,0.0,0.0,0.0,0.0,0.0,0.0,1.0,0.0,1.0,0.0,2.0,2.0,0.0,0.0,0.0,1.0,0.0,7.0,0.06140350877192982
[CAPACITY],0.0,0.0,0.0,0.0,0.0,1.0,1.0,0.0,0.0,0.0,0.0,0.0,1.0,0.0,0.0,1.0,2.0,1.0,0.0,7.0,0.06140350877192982
[STEAM],0.0,0.0,1.0,1.0,0.0,0.0,0.0,2.0,0.0,0.0,0.0,0.0,0.0,0.0,0.0,0.0,0.0,1.0,2.0,7.0,0.06140350877192982
[GENERATION],0.0,0.0,0.0,0.0,0.0,0.0,0.0,0.0,0.0,0.0,0.0,0.0,0.0,3.0,1.0,1.0,0.0,1.0,1.0,7.0,0.06140350877192982
[FABRIC],0.0,0.0,0.0,0.0,0.0,0.0,0.0,0.0,0.0,0.0,0.0,0.0,3.0,1.0,1.0,0.0,0.0,0.0,2.0,7.0,0.06140350877192982
[NOBLE],1.0,1.0,1.0,1.0,1.0,0.0,0.0,0.0,1.0,0.0,0.0,0.0,0.0,1.0,0.0,0.0,0.0,0.0,0.0,7.0,0.06140350877192982
[CONTROVERSY],0.0,0.0,0.0,0.0,0.0,1.0,0.0,0.0,0.0,0.0,2.0,0.0,0.0,1.0,0.0,0.0,1.0,1.0,1.0,7.0,0.06140350877192982
[VOID],0.0,0.0,2.0,0.0,0.0,0.0,0.0,0.0,1.0,0.0,1.0,0.0,0.0,0.0,1.0,0.0,1.0,0.0,1.0,7.0,0.06140350877192982
[SECRET],0.0,0.0,0.0,0.0,1.0,0.0,1.0,0.0,0.0,0.0,0.0,1.0,0.0,0.0,1.0,0.0,1.0,2.0,0.0,7.0,0.06140350877192982
[TELEVISION],0.0,0.0,0.0,0.0,0.0,0.0,0.0,0.0,0.0,0.0,0.0,0.0,0.0,1.0,0.0,1.0,4.0,0.0,1.0,7.0,0.06140350877192982
[STRAIN],0.0,0.0,0.0,0.0,1.0,0.0,0.0,0.0,0.0,0.0,1.0,1.0,0.0,0.0,0.0,0.0,1.0,2.0,1.0,7.0,0.06140350877192982
[SURPLUS],0.0,0.0,0.0,0.0,1.0,0.0,0.0,0.0,0.0,0.0,0.0,0.0,0.0,3.0,2.0,0.0,1.0,0.0,0.0,7.0,0.06140350877192982
[TRANSPORT],0.0,0.0,0.0,0.0,0.0,0.0,0.0,0.0,0.0,0.0,0.0,0.0,1.0,0.0,1.0,0.0,1.0,2.0,2.0,7.0,0.06140350877192982
[PERCEPTION],0.0,1.0,1.0,0.0,0.0,0.0,0.0,0.0,1.0,0.0,0.0,0.0,0.0,0.0,0.0,0.0,2.0,1.0,1.0,7.0,0.06140350877192982
[ROAD],0.0,0.0,0.0,0.0,1.0,1.0,0.0,0.0,0.0,0.0,2.0,0.0,0.0,1.0,0.0,0.0,1.0,0.0,1.0,7.0,0.06140350877192982
[GRAVE],0.0,0.0,0.0,0.0,2.0,0.0,0.0,0.0,0.0,0.0,0.0,0.0,0.0,1.0,0.0,2.0,0.0,1.0,1.0,7.0,0.06140350877192982
[AGE],2.0,1.0,0.0,1.0,0.0,0.0,0.0,1.0,0.0,0.0,0.0,0.0,1.0,1.0,0.0,0.0,0.0,0.0,0.0,7.0,0.06140350877192982
[MEANING],0.0,0.0,0.0,0.0,0.0,0.0,0.0,0.0,2.0,0.0,0.0,0.0,0.0,0.0,0.0,0.0,1.0,1.0,3.0,7.0,0.06140350877192982
[PRESIDENT],1.0,0.0,0.0,0.0,0.0,0.0,0.0,0.0,2.0,0.0,0.0,2.0,0.0,0.0,1.0,0.0,1.0,0.0,0.0,7.0,0.06140350877192982
[PHENOMENON],0.0,0.0,0.0,0.0,0.0,0.0,0.0,0.0,0.0,0.0,1.0,1.0,0.0,2.0,0.0,0.0,1.0,1.0,1.0,7.0,0.06140350877192982
[DEPTH],0.0,0.0,0.0,0.0,0.0,0.0,0.0,0.0,0.0,0.0,1.0,0.0,0.0,0.0,0.0,0.0,0.0,3.0,3.0,7.0,0.06140350877192982
[ORGANISM],0.0,0.0,0.0,0.0,0.0,0.0,0.0,0.0,1.0,0.0,0.0,1.0,0.0,2.0,0.0,0.0,0.0,0.0,3.0,7.0,0.06140350877192982
[TREE],1.0,1.0,1.0,0.0,0.0,1.0,1.0,0.0,1.0,0.0,0.0,0.0,0.0,0.0,0.0,0.0,0.0,1.0,0.0,7.0,0.06140350877192982
[PLAY],0.0,0.0,0.0,0.0,0.0,0.0,0.0,0.0,1.0,0.0,0.0,0.0,1.0,0.0,2.0,0.0,1.0,2.0,0.0,7.0,0.06140350877192982
[COMBINATION],0.0,0.0,0.0,0.0,0.0,0.0,0.0,1.0,2.0,1.0,0.0,0.0,0.0,2.0,0.0,0.0,0.0,0.0,1.0,7.0,0.06140350877192982
[CLASSIC],0.0,0.0,0.0,0.0,0.0,0.0,0.0,0.0,0.0,1.0,0.0,0.0,0.0,0.0,0.0,1.0,4.0,0.0,1.0,7.0,0.06140350877192982
[ENDANGERMENT],0.0,0.0,0.0,0.0,0.0,0.0,0.0,0.0,0.0,0.0,0.0,0.0,0.0,0.0,0.0,0.0,0.0,7.0,0.0,7.0,0.06140350877192982
[CONSEQUENCE],2.0,0.0,0.0,0.0,1.0,0.0,0.0,0.0,0.0,1.0,0.0,0.0,0.0,0.0,0.0,1.0,1.0,1.0,0.0,7.0,0.06140350877192982
[MOTION],1.0,2.0,0.0,0.0,0.0,0.0,0.0,0.0,0.0,0.0,0.0,0.0,0.0,0.0,0.0,0.0,1.0,0.0,3.0,7.0,0.06140350877192982
[GAME],0.0,0.0,0.0,0.0,0.0,0.0,0.0,1.0,0.0,0.0,0.0,0.0,0.0,0.0,0.0,1.0,1.0,3.0,1.0,7.0,0.06140350877192982
[MUSEUM],0.0,0.0,0.0,0.0,0.0,0.0,0.0,0.0,0.0,1.0,0.0,0.0,0.0,1.0,0.0,0.0,1.0,3.0,1.0,7.0,0.06140350877192982
[HARM],0.0,0.0,0.0,0.0,0.0,0.0,0.0,1.0,0.0,0.0,0.0,0.0,0.0,1.0,0.0,2.0,0.0,3.0,0.0,7.0,0.06140350877192982
[NOVEL],0.0,0.0,0.0,0.0,0.0,0.0,0.0,0.0,1.0,0.0,1.0,1.0,2.0,0.0,0.0,0.0,1.0,0.0,1.0,7.0,0.06140350877192982
[STEP],0.0,0.0,0.0,0.0,0.0,0.0,0.0,0.0,0.0,0.0,0.0,1.0,3.0,0.0,0.0,0.0,0.0,3.0,0.0,7.0,0.06140350877192982
[MAP],0.0,0.0,0.0,0.0,0.0,0.0,0.0,0.0,0.0,0.0,0.0,0.0,0.0,0.0,0.0,0.0,0.0,2.0,5.0,7.0,0.06140350877192982
[INCIDENT],0.0,0.0,0.0,0.0,0.0,0.0,0.0,0.0,0.0,0.0,1.0,2.0,0.0,0.0,1.0,1.0,0.0,2.0,0.0,7.0,0.06140350877192982
[REACTION],0.0,0.0,0.0,0.0,0.0,0.0,1.0,0.0,0.0,0.0,0.0,0.0,3.0,0.0,0.0,1.0,0.0,1.0,1.0,7.0,0.06140350877192982
[PURCHASE],0.0,0.0,0.0,0.0,0.0,0.0,0.0,0.0,0.0,1.0,0.0,1.0,4.0,0.0,0.0,0.0,1.0,0.0,0.0,7.0,0.06140350877192982
[POLITICS],0.0,0.0,0.0,0.0,0.0,0.0,0.0,2.0,0.0,0.0,0.0,0.0,0.0,0.0,0.0,2.0,0.0,0.0,3.0,7.0,0.06140350877192982
[RECORD],0.0,0.0,0.0,0.0,0.0,0.0,0.0,0.0,1.0,0.0,0.0,2.0,0.0,0.0,1.0,0.0,0.0,2.0,1.0,7.0,0.06140350877192982
[VILLAGE],0.0,1.0,0.0,0.0,0.0,0.0,0.0,1.0,0.0,0.0,0.0,0.0,1.0,0.0,0.0,0.0,1.0,1.0,2.0,7.0,0.06140350877192982
[SEA],0.0,1.0,0.0,0.0,0.0,0.0,0.0,0.0,0.0,0.0,0.0,0.0,0.0,1.0,1.0,2.0,0.0,0.0,2.0,7.0,0.06140350877192982
[APPROACH],0.0,0.0,0.0,0.0,0.0,0.0,0.0,0.0,0.0,1.0,0.0,1.0,1.0,1.0,0.0,1.0,0.0,0.0,2.0,7.0,0.06140350877192982
[FACE],0.0,0.0,0.0,0.0,1.0,0.0,0.0,0.0,0.0,0.0,0.0,0.0,0.0,0.0,0.0,3.0,0.0,0.0,2.0,6.0,0.05263157894736842
[VARIATION],0.0,0.0,0.0,0.0,0.0,0.0,0.0,0.0,0.0,0.0,0.0,0.0,0.0,0.0,0.0,1.0,1.0,2.0,2.0,6.0,0.05263157894736842
[INSTRUMENT],0.0,0.0,0.0,0.0,1.0,0.0,0.0,0.0,0.0,0.0,0.0,2.0,0.0,0.0,0.0,1.0,0.0,1.0,1.0,6.0,0.05263157894736842
[COMMODITY],0.0,0.0,0.0,0.0,1.0,0.0,0.0,0.0,0.0,0.0,1.0,1.0,3.0,0.0,0.0,0.0,0.0,0.0,0.0,6.0,0.05263157894736842
[CHIEF],0.0,0.0,1.0,0.0,0.0,0.0,0.0,0.0,1.0,0.0,1.0,0.0,2.0,0.0,0.0,0.0,1.0,0.0,0.0,6.0,0.05263157894736842
[SUGGESTION],0.0,0.0,0.0,0.0,0.0,1.0,0.0,1.0,0.0,0.0,0.0,0.0,1.0,0.0,0.0,0.0,2.0,1.0,0.0,6.0,0.05263157894736842
[SPHERE],0.0,0.0,0.0,0.0,0.0,2.0,0.0,0.0,0.0,2.0,0.0,0.0,0.0,0.0,1.0,0.0,1.0,0.0,0.0,6.0,0.05263157894736842
[VOLUME],0.0,0.0,0.0,0.0,0.0,0.0,0.0,0.0,1.0,0.0,0.0,1.0,1.0,1.0,1.0,0.0,0.0,1.0,0.0,6.0,0.05263157894736842
[FRUIT],0.0,0.0,0.0,0.0,0.0,2.0,1.0,0.0,0.0,0.0,0.0,0.0,1.0,1.0,0.0,0.0,0.0,0.0,1.0,6.0,0.05263157894736842
[SPRING],0.0,0.0,1.0,0.0,1.0,1.0,0.0,0.0,0.0,0.0,0.0,0.0,0.0,0.0,0.0,1.0,1.0,1.0,0.0,6.0,0.05263157894736842
[ANTAGONISM],0.0,0.0,1.0,0.0,0.0,0.0,2.0,1.0,0.0,0.0,0.0,1.0,1.0,0.0,0.0,0.0,0.0,0.0,0.0,6.0,0.05263157894736842
[ASTONISHMENT],1.0,1.0,0.0,0.0,2.0,1.0,0.0,0.0,0.0,0.0,1.0,0.0,0.0,0.0,0.0,0.0,0.0,0.0,0.0,6.0,0.05263157894736842
[COMMOTION],0.0,0.0,0.0,0.0,0.0,1.0,0.0,0.0,1.0,0.0,0.0,2.0,1.0,0.0,1.0,0.0,0.0,0.0,0.0,6.0,0.05263157894736842
[DIN],0.0,0.0,1.0,1.0,1.0,0.0,0.0,0.0,0.0,0.0,0.0,0.0,0.0,0.0,0.0,1.0,1.0,0.0,1.0,6.0,0.05263157894736842
[PATH],1.0,0.0,0.0,0.0,0.0,0.0,0.0,0.0,0.0,0.0,0.0,0.0,0.0,0.0,0.0,0.0,1.0,3.0,1.0,6.0,0.05263157894736842
[SOIL],0.0,0.0,2.0,0.0,0.0,0.0,0.0,0.0,0.0,0.0,1.0,0.0,2.0,0.0,0.0,0.0,0.0,1.0,0.0,6.0,0.05263157894736842
[STRENGTH],0.0,0.0,0.0,0.0,0.0,0.0,0.0,0.0,0.0,0.0,0.0,0.0,0.0,1.0,2.0,1.0,0.0,0.0,2.0,6.0,0.05263157894736842
[EMERGENCY],0.0,0.0,0.0,0.0,0.0,0.0,0.0,0.0,0.0,0.0,0.0,0.0,0.0,3.0,0.0,0.0,1.0,1.0,1.0,6.0,0.05263157894736842
[ELECTION],0.0,0.0,0.0,0.0,0.0,0.0,0.0,0.0,0.0,0.0,1.0,0.0,0.0,0.0,1.0,1.0,1.0,1.0,1.0,6.0,0.05263157894736842
[WEAPON],0.0,0.0,0.0,0.0,0.0,0.0,0.0,0.0,0.0,0.0,0.0,0.0,0.0,0.0,0.0,1.0,2.0,2.0,1.0,6.0,0.05263157894736842
[BRANCH],0.0,1.0,1.0,0.0,0.0,1.0,0.0,1.0,0.0,0.0,1.0,0.0,0.0,0.0,0.0,0.0,0.0,1.0,0.0,6.0,0.05263157894736842
[DISPLAY],1.0,0.0,0.0,0.0,0.0,0.0,0.0,0.0,0.0,1.0,0.0,0.0,0.0,0.0,1.0,0.0,1.0,0.0,2.0,6.0,0.05263157894736842
[ARCHITECTURE],1.0,0.0,0.0,0.0,0.0,1.0,0.0,0.0,0.0,0.0,0.0,0.0,2.0,0.0,0.0,0.0,0.0,0.0,2.0,6.0,0.05263157894736842
[FACTORY],0.0,0.0,0.0,0.0,0.0,0.0,0.0,0.0,0.0,0.0,0.0,0.0,2.0,0.0,3.0,0.0,1.0,0.0,0.0,6.0,0.05263157894736842
[SOLIDARITY],0.0,0.0,0.0,0.0,0.0,0.0,0.0,0.0,1.0,0.0,0.0,1.0,1.0,1.0,0.0,1.0,0.0,0.0,1.0,6.0,0.05263157894736842
[RESERVOIR],0.0,0.0,0.0,0.0,0.0,0.0,0.0,0.0,0.0,0.0,1.0,0.0,1.0,0.0,0.0,2.0,1.0,0.0,1.0,6.0,0.05263157894736842
[FRONT],0.0,0.0,0.0,0.0,0.0,1.0,0.0,0.0,1.0,0.0,0.0,2.0,1.0,0.0,0.0,0.0,1.0,0.0,0.0,6.0,0.05263157894736842
[SECTION],0.0,0.0,1.0,0.0,0.0,0.0,0.0,0.0,0.0,0.0,1.0,0.0,0.0,0.0,0.0,0.0,1.0,3.0,0.0,6.0,0.05263157894736842
[HEAD],0.0,0.0,0.0,0.0,0.0,0.0,0.0,2.0,0.0,0.0,0.0,0.0,0.0,0.0,0.0,2.0,0.0,2.0,0.0,6.0,0.05263157894736842
[BOY],0.0,0.0,0.0,0.0,0.0,0.0,0.0,1.0,0.0,0.0,0.0,3.0,0.0,1.0,1.0,0.0,0.0,0.0,0.0,6.0,0.05263157894736842
[PORTRAIT],0.0,0.0,0.0,0.0,0.0,0.0,0.0,0.0,0.0,0.0,1.0,0.0,0.0,1.0,1.0,0.0,1.0,1.0,1.0,6.0,0.05263157894736842
[PROTECTION],0.0,0.0,0.0,0.0,0.0,0.0,0.0,2.0,0.0,1.0,1.0,0.0,0.0,0.0,0.0,0.0,1.0,0.0,1.0,6.0,0.05263157894736842
[MORAL],0.0,0.0,0.0,0.0,0.0,2.0,0.0,0.0,1.0,0.0,0.0,1.0,0.0,1.0,0.0,0.0,0.0,0.0,1.0,6.0,0.05263157894736842
[QUARTER],0.0,0.0,1.0,0.0,1.0,0.0,0.0,1.0,0.0,0.0,0.0,0.0,0.0,0.0,0.0,0.0,0.0,2.0,1.0,6.0,0.05263157894736842
[PAGE],0.0,0.0,0.0,0.0,0.0,0.0,0.0,1.0,0.0,0.0,0.0,0.0,0.0,0.0,0.0,0.0,1.0,2.0,2.0,6.0,0.05263157894736842
[BABY],0.0,0.0,0.0,0.0,0.0,1.0,0.0,0.0,0.0,0.0,0.0,0.0,0.0,0.0,0.0,0.0,0.0,2.0,3.0,6.0,0.05263157894736842
[OFFENSE],0.0,0.0,0.0,0.0,1.0,0.0,0.0,0.0,0.0,0.0,0.0,1.0,0.0,0.0,0.0,1.0,0.0,3.0,0.0,6.0,0.05263157894736842
[BILL],0.0,1.0,0.0,0.0,1.0,0.0,0.0,0.0,0.0,1.0,0.0,1.0,0.0,0.0,0.0,0.0,2.0,0.0,0.0,6.0,0.05263157894736842
[ENGINE],0.0,0.0,1.0,0.0,0.0,0.0,0.0,0.0,0.0,0.0,0.0,0.0,1.0,1.0,0.0,0.0,0.0,2.0,1.0,6.0,0.05263157894736842
[SUPPORT],0.0,0.0,0.0,0.0,0.0,0.0,0.0,0.0,0.0,0.0,0.0,0.0,1.0,0.0,0.0,0.0,0.0,2.0,3.0,6.0,0.05263157894736842
[LANDSCAPE],0.0,0.0,1.0,0.0,0.0,0.0,2.0,0.0,0.0,0.0,0.0,1.0,0.0,0.0,0.0,0.0,0.0,0.0,2.0,6.0,0.05263157894736842
[FURORE],0.0,0.0,0.0,0.0,0.0,1.0,1.0,0.0,1.0,1.0,1.0,0.0,0.0,0.0,1.0,0.0,0.0,0.0,0.0,6.0,0.05263157894736842
[RESISTANCE],0.0,0.0,0.0,0.0,0.0,0.0,0.0,1.0,0.0,1.0,0.0,0.0,1.0,1.0,0.0,0.0,1.0,1.0,0.0,6.0,0.05263157894736842
[NET],0.0,0.0,0.0,0.0,0.0,1.0,0.0,0.0,0.0,0.0,0.0,0.0,0.0,0.0,0.0,0.0,1.0,1.0,3.0,6.0,0.05263157894736842
[WEB],0.0,0.0,0.0,0.0,0.0,0.0,0.0,0.0,0.0,0.0,0.0,0.0,0.0,0.0,0.0,0.0,0.0,3.0,3.0,6.0,0.05263157894736842
[APPLICATION],1.0,0.0,0.0,0.0,0.0,0.0,0.0,1.0,0.0,0.0,0.0,0.0,0.0,0.0,0.0,0.0,0.0,2.0,2.0,6.0,0.05263157894736842
[DISCORD],0.0,0.0,1.0,0.0,1.0,1.0,0.0,2.0,0.0,1.0,0.0,0.0,0.0,0.0,0.0,0.0,0.0,0.0,0.0,6.0,0.05263157894736842
[READING],0.0,0.0,0.0,0.0,0.0,0.0,0.0,1.0,0.0,0.0,0.0,0.0,0.0,2.0,0.0,1.0,1.0,0.0,1.0,6.0,0.05263157894736842
[LOOK],0.0,0.0,0.0,0.0,0.0,0.0,0.0,0.0,0.0,0.0,0.0,0.0,0.0,1.0,0.0,1.0,0.0,1.0,3.0,6.0,0.05263157894736842
[MALE],0.0,0.0,0.0,0.0,0.0,1.0,0.0,0.0,1.0,0.0,0.0,0.0,0.0,0.0,1.0,0.0,2.0,0.0,1.0,6.0,0.05263157894736842
[TREATMENT],0.0,0.0,1.0,0.0,1.0,0.0,0.0,0.0,0.0,0.0,0.0,0.0,1.0,0.0,0.0,0.0,1.0,0.0,2.0,6.0,0.05263157894736842
[CUSTOM],1.0,0.0,0.0,0.0,1.0,0.0,0.0,0.0,0.0,0.0,0.0,1.0,0.0,0.0,0.0,0.0,0.0,2.0,1.0,6.0,0.05263157894736842
[MANAGER],0.0,0.0,1.0,0.0,0.0,0.0,0.0,0.0,1.0,0.0,1.0,0.0,0.0,1.0,0.0,1.0,0.0,1.0,0.0,6.0,0.05263157894736842
[RACE],0.0,0.0,2.0,1.0,0.0,0.0,0.0,1.0,0.0,0.0,0.0,1.0,0.0,0.0,0.0,0.0,1.0,0.0,0.0,6.0,0.05263157894736842
[STRIFE],0.0,0.0,1.0,1.0,0.0,0.0,3.0,0.0,0.0,0.0,0.0,0.0,0.0,0.0,1.0,0.0,0.0,0.0,0.0,6.0,0.05263157894736842
[ESTABLISHMENT],0.0,0.0,1.0,3.0,0.0,0.0,0.0,0.0,0.0,0.0,0.0,0.0,0.0,0.0,0.0,1.0,1.0,0.0,0.0,6.0,0.05263157894736842
[PARADISE],0.0,0.0,0.0,0.0,0.0,0.0,0.0,1.0,1.0,0.0,1.0,0.0,0.0,0.0,0.0,0.0,0.0,1.0,2.0,6.0,0.05263157894736842
[BIRTH],0.0,0.0,0.0,0.0,1.0,0.0,0.0,0.0,0.0,0.0,1.0,0.0,0.0,0.0,0.0,0.0,0.0,4.0,0.0,6.0,0.05263157894736842
[PLASTIC],0.0,0.0,0.0,0.0,0.0,0.0,0.0,0.0,0.0,0.0,2.0,0.0,1.0,0.0,1.0,0.0,1.0,0.0,1.0,6.0,0.05263157894736842
[STATUTE],2.0,0.0,0.0,0.0,0.0,0.0,0.0,1.0,0.0,0.0,3.0,0.0,0.0,0.0,0.0,0.0,0.0,0.0,0.0,6.0,0.05263157894736842
[EARL],1.0,0.0,0.0,0.0,1.0,0.0,0.0,0.0,0.0,0.0,0.0,0.0,0.0,0.0,0.0,2.0,0.0,2.0,0.0,6.0,0.05263157894736842
[MEETING],0.0,2.0,0.0,0.0,0.0,0.0,0.0,1.0,1.0,0.0,0.0,0.0,0.0,2.0,0.0,0.0,0.0,0.0,0.0,6.0,0.05263157894736842
[HOUSING],0.0,0.0,0.0,0.0,0.0,0.0,0.0,0.0,0.0,1.0,0.0,0.0,1.0,0.0,0.0,1.0,0.0,3.0,0.0,6.0,0.05263157894736842
[EXPERIMENT],0.0,0.0,0.0,0.0,0.0,0.0,0.0,0.0,0.0,0.0,0.0,2.0,0.0,0.0,0.0,1.0,0.0,1.0,2.0,6.0,0.05263157894736842
[REGION],0.0,1.0,0.0,2.0,0.0,0.0,0.0,0.0,0.0,0.0,0.0,0.0,0.0,0.0,0.0,1.0,0.0,1.0,1.0,6.0,0.05263157894736842
[FRIEND],0.0,2.0,0.0,2.0,0.0,0.0,1.0,0.0,0.0,0.0,0.0,0.0,0.0,0.0,0.0,0.0,0.0,0.0,1.0,6.0,0.05263157894736842
[PHRASE],0.0,0.0,0.0,0.0,0.0,0.0,1.0,0.0,0.0,0.0,1.0,0.0,0.0,1.0,0.0,1.0,0.0,1.0,1.0,6.0,0.05263157894736842
[ASSEMBLY],0.0,0.0,0.0,0.0,0.0,0.0,0.0,0.0,3.0,0.0,0.0,0.0,1.0,0.0,0.0,0.0,1.0,0.0,1.0,6.0,0.05263157894736842
[CATEGORY],0.0,0.0,0.0,0.0,0.0,0.0,0.0,0.0,0.0,0.0,0.0,0.0,0.0,0.0,0.0,0.0,1.0,4.0,1.0,6.0,0.05263157894736842
[CONCEPT],0.0,0.0,0.0,0.0,0.0,0.0,0.0,0.0,0.0,2.0,0.0,0.0,0.0,2.0,0.0,0.0,0.0,1.0,1.0,6.0,0.05263157894736842
[FALL],1.0,1.0,0.0,0.0,1.0,0.0,0.0,0.0,0.0,0.0,0.0,0.0,2.0,0.0,0.0,1.0,0.0,0.0,0.0,6.0,0.05263157894736842
[SCRATCH],0.0,0.0,0.0,0.0,0.0,0.0,0.0,0.0,0.0,0.0,0.0,0.0,0.0,0.0,1.0,0.0,2.0,3.0,0.0,6.0,0.05263157894736842
[THEATER],0.0,0.0,0.0,0.0,0.0,0.0,0.0,0.0,0.0,0.0,0.0,1.0,1.0,1.0,1.0,0.0,1.0,0.0,1.0,6.0,0.05263157894736842
[RELIGION],1.0,0.0,0.0,0.0,2.0,2.0,0.0,0.0,0.0,0.0,1.0,0.0,0.0,0.0,0.0,0.0,0.0,0.0,0.0,6.0,0.05263157894736842
[FEMALE],0.0,0.0,0.0,1.0,0.0,1.0,0.0,0.0,1.0,0.0,0.0,0.0,0.0,1.0,0.0,0.0,1.0,0.0,1.0,6.0,0.05263157894736842
[LEGEND],0.0,0.0,0.0,0.0,0.0,0.0,0.0,0.0,0.0,2.0,1.0,0.0,3.0,0.0,0.0,0.0,0.0,0.0,0.0,6.0,0.05263157894736842
[KINGDOM],0.0,0.0,0.0,1.0,0.0,0.0,0.0,0.0,0.0,0.0,0.0,0.0,0.0,1.0,1.0,1.0,1.0,1.0,0.0,6.0,0.05263157894736842
[DEPENDENCE],1.0,1.0,1.0,0.0,1.0,0.0,0.0,0.0,0.0,0.0,0.0,0.0,0.0,0.0,0.0,0.0,2.0,0.0,0.0,6.0,0.05263157894736842
[AGREEMENT],0.0,1.0,0.0,0.0,0.0,0.0,0.0,0.0,0.0,0.0,0.0,0.0,0.0,0.0,0.0,1.0,2.0,2.0,0.0,6.0,0.05263157894736842
[CHEMICAL],0.0,0.0,0.0,0.0,0.0,0.0,0.0,0.0,1.0,0.0,0.0,0.0,0.0,0.0,1.0,0.0,1.0,2.0,1.0,6.0,0.05263157894736842
[BREACH],1.0,0.0,0.0,1.0,0.0,0.0,0.0,0.0,0.0,0.0,0.0,1.0,0.0,0.0,1.0,1.0,0.0,0.0,1.0,6.0,0.05263157894736842
[FIRM],0.0,0.0,0.0,0.0,0.0,0.0,0.0,0.0,0.0,0.0,0.0,0.0,0.0,0.0,1.0,0.0,1.0,2.0,2.0,6.0,0.05263157894736842
[RESPONSIBILITY],1.0,1.0,1.0,0.0,0.0,0.0,1.0,0.0,0.0,0.0,0.0,0.0,0.0,0.0,1.0,0.0,0.0,1.0,0.0,6.0,0.05263157894736842
[WHOLE],0.0,0.0,0.0,1.0,0.0,0.0,0.0,0.0,1.0,0.0,0.0,1.0,0.0,0.0,0.0,0.0,1.0,1.0,1.0,6.0,0.05263157894736842
[WRITER],0.0,1.0,0.0,0.0,0.0,0.0,0.0,0.0,0.0,0.0,0.0,0.0,0.0,2.0,0.0,2.0,0.0,0.0,1.0,6.0,0.05263157894736842
[DISSENSION],0.0,0.0,0.0,2.0,1.0,0.0,0.0,0.0,0.0,0.0,0.0,1.0,1.0,0.0,0.0,1.0,0.0,0.0,0.0,6.0,0.05263157894736842
[TRANSPORTATION],0.0,0.0,0.0,0.0,0.0,0.0,0.0,0.0,0.0,1.0,2.0,0.0,0.0,0.0,2.0,0.0,0.0,0.0,1.0,6.0,0.05263157894736842
[ABSENCE],0.0,0.0,0.0,0.0,0.0,0.0,0.0,0.0,0.0,0.0,0.0,2.0,0.0,0.0,1.0,2.0,0.0,1.0,0.0,6.0,0.05263157894736842
[STAND],0.0,0.0,0.0,0.0,0.0,0.0,0.0,0.0,0.0,1.0,1.0,1.0,0.0,1.0,0.0,0.0,0.0,1.0,1.0,6.0,0.05263157894736842
[COMMUNICATION],0.0,0.0,0.0,0.0,0.0,0.0,0.0,0.0,0.0,0.0,0.0,0.0,0.0,0.0,0.0,0.0,1.0,2.0,3.0,6.0,0.05263157894736842
[TITLE],0.0,1.0,0.0,1.0,2.0,0.0,1.0,0.0,0.0,1.0,0.0,0.0,0.0,0.0,0.0,0.0,0.0,0.0,0.0,6.0,0.05263157894736842
[BITTERNESS],1.0,0.0,0.0,0.0,1.0,0.0,0.0,1.0,0.0,0.0,0.0,0.0,1.0,0.0,1.0,0.0,1.0,0.0,0.0,6.0,0.05263157894736842
[NEWSPAPER],1.0,0.0,0.0,0.0,0.0,0.0,0.0,0.0,1.0,0.0,0.0,0.0,0.0,1.0,0.0,1.0,0.0,2.0,0.0,6.0,0.05263157894736842
[CIRCLE],0.0,0.0,0.0,0.0,1.0,0.0,0.0,0.0,0.0,0.0,0.0,1.0,0.0,0.0,0.0,1.0,1.0,0.0,2.0,6.0,0.05263157894736842
[HERO],0.0,0.0,0.0,1.0,0.0,1.0,0.0,0.0,0.0,0.0,0.0,0.0,0.0,0.0,1.0,1.0,1.0,0.0,1.0,6.0,0.05263157894736842
[SONG],0.0,0.0,0.0,0.0,0.0,0.0,0.0,0.0,0.0,0.0,0.0,0.0,0.0,1.0,0.0,4.0,0.0,1.0,0.0,6.0,0.05263157894736842
[AMBIENCE],0.0,0.0,0.0,0.0,0.0,0.0,0.0,0.0,0.0,0.0,0.0,0.0,0.0,0.0,0.0,1.0,3.0,0.0,2.0,6.0,0.05263157894736842
[MOTIVE],0.0,0.0,0.0,1.0,0.0,0.0,0.0,0.0,0.0,2.0,1.0,1.0,0.0,0.0,1.0,0.0,0.0,0.0,0.0,6.0,0.05263157894736842
[NUISANCE],0.0,0.0,0.0,1.0,0.0,0.0,1.0,0.0,0.0,0.0,0.0,0.0,0.0,0.0,2.0,1.0,0.0,1.0,0.0,6.0,0.05263157894736842
[GROWTH],0.0,0.0,0.0,0.0,0.0,0.0,1.0,0.0,1.0,0.0,0.0,0.0,0.0,0.0,1.0,1.0,1.0,1.0,0.0,6.0,0.05263157894736842
[MOVE],0.0,0.0,0.0,1.0,0.0,0.0,0.0,0.0,0.0,0.0,0.0,1.0,1.0,0.0,0.0,0.0,1.0,2.0,0.0,6.0,0.05263157894736842
[MILITIA],0.0,0.0,0.0,0.0,0.0,0.0,0.0,0.0,0.0,0.0,0.0,1.0,1.0,1.0,0.0,0.0,0.0,3.0,0.0,6.0,0.05263157894736842
[DISGUST],0.0,1.0,1.0,2.0,1.0,0.0,0.0,1.0,0.0,0.0,0.0,0.0,0.0,0.0,0.0,0.0,0.0,0.0,0.0,6.0,0.05263157894736842
[SAFETY],0.0,1.0,0.0,1.0,0.0,0.0,0.0,0.0,0.0,0.0,0.0,0.0,0.0,0.0,0.0,0.0,0.0,1.0,3.0,6.0,0.05263157894736842
[CLAIM],1.0,1.0,0.0,2.0,0.0,0.0,0.0,0.0,0.0,0.0,0.0,1.0,0.0,0.0,0.0,0.0,0.0,0.0,1.0,6.0,0.05263157894736842
[SCHISM],0.0,1.0,0.0,0.0,0.0,3.0,0.0,0.0,0.0,0.0,1.0,0.0,0.0,0.0,1.0,0.0,0.0,0.0,0.0,6.0,0.05263157894736842
[RANGE],0.0,0.0,0.0,0.0,0.0,0.0,0.0,0.0,1.0,0.0,0.0,0.0,0.0,1.0,1.0,0.0,1.0,1.0,1.0,6.0,0.05263157894736842
[FORTUNE],0.0,0.0,0.0,0.0,0.0,0.0,3.0,0.0,0.0,3.0,0.0,0.0,0.0,0.0,0.0,0.0,0.0,0.0,0.0,6.0,0.05263157894736842
[ROBOT],0.0,0.0,0.0,0.0,0.0,0.0,0.0,0.0,0.0,0.0,0.0,0.0,0.0,0.0,0.0,0.0,0.0,2.0,4.0,6.0,0.05263157894736842
[SEMBLANCE],0.0,0.0,0.0,1.0,0.0,0.0,0.0,1.0,0.0,0.0,0.0,0.0,0.0,0.0,2.0,0.0,2.0,0.0,0.0,6.0,0.05263157894736842
